"ranking","nome_problema","campo_1_ideia","campo_2_publico","campo_3_problemas","campo_4_como_funciona","campo_5a_nome_startup","campo_5b_resumo_card","campo_5c_publico_card","campo_5d_problema_card","campo_5e_solucao_card","pitch_60_segundos"
"1","A Exclusão Silenciosa Das Minorias Nos Testes Algorítmicos Dos Painéis Faciais Globais E Os Modelos Estritos Que Ditam Erros Perigosos na Saúde Das Câmeras Diagnósticas Da Rede Da Biometria Médica (Oximetria em Pele).","Startup que resolve exclusão silenciosa minorias testes para idosos acima de 60 anos com modelos de IA soberanos. Transforma um processo caro e travado em solução digital, acessível e escalável.","Nossos clientes são idosos acima de 60 anos que enfrentam diariamente: IAs no monitoramento de UTIs digitais medem e julgam os hematomas e pressão sanguínea pelo vídeo nos telefones dos idosos com pele parda e preta como distorções graves ou falham. Eles estão presos em processos manuais, caros ou injustos sem alternativa tecnológica acessível. Nossa solução foi desenhada especificamente para.","1) IAs no monitoramento de UTIs digitais medem e julgam os hematomas e pressão sanguínea pelo vídeo nos telefones dos. 2) Isso provoca negligência sistêmica, mortes precoces em laudos falsamente favoráveis. Oportunidade: Clínicas digitais. 3) Sem solução tecnológica adequada hoje, o custo humano e financeiro cresce exponencialmente — e o mercado ainda opera no modo analógico.","O usuário acessa via app ou API. Nossa solução usa IA generativa para Isso provoca negligência sistêmica, mortes precoces em laudos falsamente favoráveis. Oportunidade: Clínicas digitais ""Afro/Minority-Native"". O resultado: processo automatizado, auditável e escalonável — entregando valor em minutos, não semanas.","SkinEquity AI","Startup que resolve exclusão silenciosa minorias testes para idosos acima de 60 anos com modelos de IA soberanos","Nossos clientes são idosos acima de 60 anos que enfrentam diariamente: IAs no monitoramento de UTIs digitais medem e julgam os hematomas e pressão sanguínea pelo vídeo nos telefones dos idosos com pele parda e preta como distorções graves ou falham. Eles estão presos em processos manuais, caros ou injustos sem alternativa tecnológica acessível. Nossa solução foi desenhada especificamente para.","Problema real e urgente: IAs no monitoramento de UTIs digitais medem e julgam os hematomas e pressão sanguínea pelo vídeo nos telefones dos idosos com pele parda e preta como. Isso custa bilhões ao ano e afeta milhões de pessoas sem solução tecnológica hoje. O tempo de agir é agora.","O usuário acessa via app ou API. Nossa solução usa IA generativa para Isso provoca negligência sistêmica, mortes precoces em laudos falsamente favoráveis. Oportunidade: Clínicas digitais ""Afro/Minority-Native"". O resultado: processo automatizado, auditável e escalonável — entregando valor em minutos, não semanas.","[0-10s] Sabia que milhões de idosos acima de 60 anos perdem dinheiro todos os dias por causa de um sistema travado no século passado?

[10-22s] O problema é real: IAs no monitoramento de UTIs digitais medem e julgam os hematomas e pressão sanguínea. Eles tentam resolver com planilhas, intermediários e processos manuais. Não funciona.

[22-35s] Criamos SkinEquity AI — Startup que resolve exclusão silenciosa minorias testes para idosos acima de 60 anos com modelos de IA soberanos. Transforma um processo caro e travado em solução digital, acessível e escalável. Nossa tecnologia: Isso provoca negligência sistêmica, mortes precoces em laudos falsamente favoráveis.

[35-47s] Já validamos com usuários reais. Os primeiros testes mostram redução de custo e tempo em mais de 60%. O mercado existe, a dor é urgente, a tração começa agora.

[47-60s] O Red Bull Basement é o trampolim que faltava. Com esse apoio, escalamos o MVP, chegamos a mil usuários em 90 dias e mostramos ao mundo que inovação real resolve dores reais."
"2","Riscos Iminentes Da Obscuridade Dos Contratos Médicos B2C e Procedimentos Sem Repasses Reais Burocráticos Extensos","Startup que resolve riscos iminentes obscuridade contratos para idosos acima de 60 anos com plataforma blockchain. Transforma um processo caro e travado em solução digital, acessível e escalável.","Nossos clientes são idosos acima de 60 anos que enfrentam diariamente: As clínicas fecham os pactos de serviços dentais com o idoso sob a promessa flexível oral, mas os contratos extensos cheios de exceções negam na prática a re-aplicação protética. Eles estão presos em processos manuais, caros ou injustos sem alternativa tecnológica acessível. Nossa solução foi desenhada especificamente para.","1) As clínicas fecham os pactos de serviços dentais com o idoso sob a promessa flexível oral, mas os contratos extensos. 2) Essa armadilha dilacera as finanças restritas do silver-economy gerando judicializações brutais nos processos não. 3) Sem solução tecnológica adequada hoje, o custo humano e financeiro cresce exponencialmente — e o mercado ainda opera no modo analógico.","O usuário acessa via app ou API. Nossa solução usa blockchain com smart contracts para Essa armadilha dilacera as finanças restritas do silver-economy gerando judicializações brutais nos processos não resolvidos ou reembolsados da rede. O resultado: processo automatizado, auditável e escalonável — entregando valor em minutos, não semanas.","TrustCare Chain","Startup que resolve riscos iminentes obscuridade contratos para idosos acima de 60 anos com plataforma blockchain","Nossos clientes são idosos acima de 60 anos que enfrentam diariamente: As clínicas fecham os pactos de serviços dentais com o idoso sob a promessa flexível oral, mas os contratos extensos cheios de exceções negam na prática a re-aplicação protética. Eles estão presos em processos manuais, caros ou injustos sem alternativa tecnológica acessível. Nossa solução foi desenhada especificamente para.","Problema real e urgente: As clínicas fecham os pactos de serviços dentais com o idoso sob a promessa flexível oral, mas os contratos extensos cheios de exceções negam na. Isso custa bilhões ao ano e afeta milhões de pessoas sem solução tecnológica hoje. O tempo de agir é agora.","O usuário acessa via app ou API. Nossa solução usa blockchain com smart contracts para Essa armadilha dilacera as finanças restritas do silver-economy gerando judicializações brutais nos processos não resolvidos ou reembolsados da rede. O resultado: processo automatizado, auditável e escalonável — entregando valor em minutos, não semanas.","[0-10s] Sabia que milhões de idosos acima de 60 anos perdem dinheiro todos os dias por causa de um sistema travado no século passado?

[10-22s] O problema é real: As clínicas fecham os pactos de serviços dentais com o idoso sob a promessa flexível. Eles tentam resolver com planilhas, intermediários e processos manuais. Não funciona.

[22-35s] Criamos TrustCare Chain — Startup que resolve riscos iminentes obscuridade contratos para idosos acima de 60 anos com plataforma blockchain. Transforma um processo caro e travado em solução digital, acessível e escalável. Nossa tecnologia: Essa armadilha dilacera as finanças restritas do silver-economy gerando judicializações.

[35-47s] Já validamos com usuários reais. Os primeiros testes mostram redução de custo e tempo em mais de 60%. O mercado existe, a dor é urgente, a tração começa agora.

[47-60s] O Red Bull Basement é o trampolim que faltava. Com esse apoio, escalamos o MVP, chegamos a mil usuários em 90 dias e mostramos ao mundo que inovação real resolve dores reais."
"3","Risco crescente de blecautes em redes elétricas antigas","Startup que resolve risco crescente blecautes redes para empreendedores, startups e empresas inovadoras com automação inteligente. Transforma um processo caro e travado em solução digital, acessível e escalável.","Nossos clientes são empreendedores, startups e empresas inovadoras que enfrentam diariamente: Redes de distribuição e transmissão projetadas para outro clima e outra carga sofrem mais falhas sob calor extremo e tempestades. Eles estão presos em processos manuais, caros ou injustos sem alternativa tecnológica acessível. Nossa solução foi desenhada especificamente para resolver essa dor com.","1) Redes de distribuição e transmissão projetadas para outro clima e outra carga sofrem mais falhas sob calor extremo e. 2) O aumento da temperatura média, maior frequência de eventos extremos e a eletrificação de transportes e processos. 3) Sem solução tecnológica adequada hoje, o custo humano e financeiro cresce exponencialmente — e o mercado ainda opera no modo analógico.","O usuário acessa via app ou API. Nossa solução usa IA generativa para O aumento da temperatura média, maior frequência de eventos extremos e a eletrificação de transportes e processos industriais pressionam ativos. O resultado: processo automatizado, auditável e escalonável — entregando valor em minutos, não semanas.","GridGuard IA","Startup que resolve risco crescente blecautes redes para empreendedores, startups e empresas inovadoras com automação inteligente","Nossos clientes são empreendedores, startups e empresas inovadoras que enfrentam diariamente: Redes de distribuição e transmissão projetadas para outro clima e outra carga sofrem mais falhas sob calor extremo e tempestades. Eles estão presos em processos manuais, caros ou injustos sem alternativa tecnológica acessível. Nossa solução foi desenhada especificamente para resolver essa dor com.","Problema real e urgente: Redes de distribuição e transmissão projetadas para outro clima e outra carga sofrem mais falhas sob calor extremo e tempestades. Isso custa bilhões ao ano e afeta milhões de pessoas sem solução tecnológica hoje. O tempo de agir é agora.","O usuário acessa via app ou API. Nossa solução usa IA generativa para O aumento da temperatura média, maior frequência de eventos extremos e a eletrificação de transportes e processos industriais pressionam ativos. O resultado: processo automatizado, auditável e escalonável — entregando valor em minutos, não semanas.","[0-10s] Sabia que milhões de empreendedores, startups e empresas inovadoras perdem dinheiro todos os dias por causa de um sistema travado no século passado?

[10-22s] O problema é real: Redes de distribuição e transmissão projetadas para outro clima e outra carga sofrem mais. Eles tentam resolver com planilhas, intermediários e processos manuais. Não funciona.

[22-35s] Criamos GridGuard IA — Startup que resolve risco crescente blecautes redes para empreendedores, startups e empresas inovadoras com automação inteligente. Transforma um processo caro e travado em solução digital, acessível e escalável. Nossa tecnologia: O aumento da temperatura média, maior frequência de eventos extremos e a eletrificação de.

[35-47s] Já validamos com usuários reais. Os primeiros testes mostram redução de custo e tempo em mais de 60%. O mercado existe, a dor é urgente, a tração começa agora.

[47-60s] O Red Bull Basement é o trampolim que faltava. Com esse apoio, escalamos o MVP, chegamos a mil usuários em 90 dias e mostramos ao mundo que inovação real resolve dores reais."
"4","Custo Social Insustentável da Descarbonização","Startup que resolve custo social insustentável descarbonização para distribuidoras de energia e consumidores industriais com tokenização de ativos digitais. Transforma um processo caro e travado em solução digital, acessível e escalável.","Nossos clientes são distribuidoras de energia e consumidores industriais que enfrentam diariamente: O repasse dos custos de atualização da rede elétrica e mitigação climática gera pobreza energética e reações políticas. Eles estão presos em processos manuais, caros ou injustos sem alternativa tecnológica acessível. Nossa solução foi desenhada especificamente para resolver essa dor com velocidade.","1) O repasse dos custos de atualização da rede elétrica e mitigação climática gera pobreza energética e reações políticas. 2) Investimentos massivos em resiliência encontram um consumidor de classe média com ""price fatigue"". O repasse tarifário. 3) Sem solução tecnológica adequada hoje, o custo humano e financeiro cresce exponencialmente — e o mercado ainda opera no modo analógico.","O usuário acessa via app ou API. Nossa solução usa IA generativa para Investimentos massivos em resiliência encontram um consumidor de classe média com ""price fatigue"". O repasse tarifário vira gatilho para rejeição à. O resultado: processo automatizado, auditável e escalonável — entregando valor em minutos, não semanas.","GreenFin Token","Startup que resolve custo social insustentável descarbonização para distribuidoras de energia e consumidores industriais com tokenização de ativos.","Nossos clientes são distribuidoras de energia e consumidores industriais que enfrentam diariamente: O repasse dos custos de atualização da rede elétrica e mitigação climática gera pobreza energética e reações políticas. Eles estão presos em processos manuais, caros ou injustos sem alternativa tecnológica acessível. Nossa solução foi desenhada especificamente para resolver essa dor com velocidade.","Problema real e urgente: O repasse dos custos de atualização da rede elétrica e mitigação climática gera pobreza energética e reações políticas. Isso custa bilhões ao ano e afeta milhões de pessoas sem solução tecnológica hoje. O tempo de agir é agora.","O usuário acessa via app ou API. Nossa solução usa IA generativa para Investimentos massivos em resiliência encontram um consumidor de classe média com ""price fatigue"". O repasse tarifário vira gatilho para rejeição à. O resultado: processo automatizado, auditável e escalonável — entregando valor em minutos, não semanas.","[0-10s] Sabia que milhões de distribuidoras de energia e consumidores industriais perdem dinheiro todos os dias por causa de um sistema travado no século passado?

[10-22s] O problema é real: O repasse dos custos de atualização da rede elétrica e mitigação climática gera pobreza. Eles tentam resolver com planilhas, intermediários e processos manuais. Não funciona.

[22-35s] Criamos GreenFin Token — Startup que resolve custo social insustentável descarbonização para distribuidoras de energia e consumidores industriais com tokenização de ativos digitais. Transforma um processo caro e travado em solução digital, acessível e escalável. Nossa tecnologia: Investimentos massivos em resiliência encontram um consumidor de classe média com ""price.

[35-47s] Já validamos com usuários reais. Os primeiros testes mostram redução de custo e tempo em mais de 60%. O mercado existe, a dor é urgente, a tração começa agora.

[47-60s] O Red Bull Basement é o trampolim que faltava. Com esse apoio, escalamos o MVP, chegamos a mil usuários em 90 dias e mostramos ao mundo que inovação real resolve dores reais."
"5","A Ruptura do Modelo 'Motoboy' Diante da Economia Prateada e Acessibilidade","Startup que resolve ruptura modelo 'motoboy diante para idosos acima de 60 anos com IA e dados. Transforma um processo caro e travado em solução digital, acessível e escalável.","Nossos clientes são idosos acima de 60 anos que enfrentam diariamente: Idosos isolados pedem comida por app, mas não conseguem descer as escadas ou atender rapidamente a porta; o algoritmo penaliza o entregador pela demora, quebrando a logística e. Eles estão presos em processos manuais, caros ou injustos sem alternativa tecnológica acessível. Nossa solução foi desenhada especificamente para.","1) Idosos isolados pedem comida por app, mas não conseguem descer as escadas ou atender rapidamente a porta; o algoritmo. 2) O modelo Just-in-Time urbano não tem paciência com a artrose. Oportunidade: Taxas de 'Silver-Delivery Premium', onde o. 3) Sem solução tecnológica adequada hoje, o custo humano e financeiro cresce exponencialmente — e o mercado ainda opera no modo analógico.","O usuário acessa via app ou API. Nossa solução usa IA generativa para O modelo Just-in-Time urbano não tem paciência com a artrose. Oportunidade: Taxas de 'Silver-Delivery Premium', onde o tempo flexível é subsidiado, e. O resultado: processo automatizado, auditável e escalonável — entregando valor em minutos, não semanas.","SilverDelivery Pro","Startup que resolve ruptura modelo 'motoboy diante para idosos acima de 60 anos com IA e dados","Nossos clientes são idosos acima de 60 anos que enfrentam diariamente: Idosos isolados pedem comida por app, mas não conseguem descer as escadas ou atender rapidamente a porta; o algoritmo penaliza o entregador pela demora, quebrando a logística e. Eles estão presos em processos manuais, caros ou injustos sem alternativa tecnológica acessível. Nossa solução foi desenhada especificamente para.","Problema real e urgente: Idosos isolados pedem comida por app, mas não conseguem descer as escadas ou atender rapidamente a porta; o algoritmo penaliza o entregador pela. Isso custa bilhões ao ano e afeta milhões de pessoas sem solução tecnológica hoje. O tempo de agir é agora.","O usuário acessa via app ou API. Nossa solução usa IA generativa para O modelo Just-in-Time urbano não tem paciência com a artrose. Oportunidade: Taxas de 'Silver-Delivery Premium', onde o tempo flexível é subsidiado, e. O resultado: processo automatizado, auditável e escalonável — entregando valor em minutos, não semanas.","[0-10s] Sabia que milhões de idosos acima de 60 anos perdem dinheiro todos os dias por causa de um sistema travado no século passado?

[10-22s] O problema é real: Idosos isolados pedem comida por app, mas não conseguem descer as escadas ou atender. Eles tentam resolver com planilhas, intermediários e processos manuais. Não funciona.

[22-35s] Criamos SilverDelivery Pro — Startup que resolve ruptura modelo 'motoboy diante para idosos acima de 60 anos com IA e dados. Transforma um processo caro e travado em solução digital, acessível e escalável. Nossa tecnologia: O modelo Just-in-Time urbano não tem paciência com a artrose. Oportunidade: Taxas de.

[35-47s] Já validamos com usuários reais. Os primeiros testes mostram redução de custo e tempo em mais de 60%. O mercado existe, a dor é urgente, a tração começa agora.

[47-60s] O Red Bull Basement é o trampolim que faltava. Com esse apoio, escalamos o MVP, chegamos a mil usuários em 90 dias e mostramos ao mundo que inovação real resolve dores reais."
"6","Redundância Desgastante Nas Cargas Fiscais De Emissões Diretas De Gases Fósseis","Startup que resolve redundância desgastante cargas fiscais para empreendedores, startups e empresas inovadoras com plataforma B2B SaaS. Transforma um processo caro e travado em solução digital, acessível e escalável.","Nossos clientes são empreendedores, startups e empresas inovadoras que enfrentam diariamente: O Governo lança novos relatórios contábeis para medir carbono das frotas de entrega locais, mas os sistemas e portais não conversam entre matriz e PMEs, sobrecarregando a padaria. Eles estão presos em processos manuais, caros ou injustos sem alternativa tecnológica acessível. Nossa solução foi desenhada.","1) O Governo lança novos relatórios contábeis para medir carbono das frotas de entrega locais, mas os sistemas e portais. 2) Compliance de carbono sufocou os negócios base; ninguém plantou 1 árvore a mais, e gasta-se fortuna na documentação. 3) Sem solução tecnológica adequada hoje, o custo humano e financeiro cresce exponencialmente — e o mercado ainda opera no modo analógico.","O usuário acessa via app ou API. Nossa solução usa APIs certificadas para Compliance de carbono sufocou os negócios base; ninguém plantou 1 árvore a mais, e gasta-se fortuna na documentação burocrática. Oportunidade: APis. O resultado: processo automatizado, auditável e escalonável — entregando valor em minutos, não semanas.","TaxFlow IA","Startup que resolve redundância desgastante cargas fiscais para empreendedores, startups e empresas inovadoras com plataforma B2B SaaS","Nossos clientes são empreendedores, startups e empresas inovadoras que enfrentam diariamente: O Governo lança novos relatórios contábeis para medir carbono das frotas de entrega locais, mas os sistemas e portais não conversam entre matriz e PMEs, sobrecarregando a padaria. Eles estão presos em processos manuais, caros ou injustos sem alternativa tecnológica acessível. Nossa solução foi desenhada.","Problema real e urgente: O Governo lança novos relatórios contábeis para medir carbono das frotas de entrega locais, mas os sistemas e portais não conversam entre matriz e. Isso custa bilhões ao ano e afeta milhões de pessoas sem solução tecnológica hoje. O tempo de agir é agora.","O usuário acessa via app ou API. Nossa solução usa APIs certificadas para Compliance de carbono sufocou os negócios base; ninguém plantou 1 árvore a mais, e gasta-se fortuna na documentação burocrática. Oportunidade: APis. O resultado: processo automatizado, auditável e escalonável — entregando valor em minutos, não semanas.","[0-10s] Sabia que milhões de empreendedores, startups e empresas inovadoras perdem dinheiro todos os dias por causa de um sistema travado no século passado?

[10-22s] O problema é real: O Governo lança novos relatórios contábeis para medir carbono das frotas de entrega. Eles tentam resolver com planilhas, intermediários e processos manuais. Não funciona.

[22-35s] Criamos TaxFlow IA — Startup que resolve redundância desgastante cargas fiscais para empreendedores, startups e empresas inovadoras com plataforma B2B SaaS. Transforma um processo caro e travado em solução digital, acessível e escalável. Nossa tecnologia: Compliance de carbono sufocou os negócios base; ninguém plantou 1 árvore a mais, e.

[35-47s] Já validamos com usuários reais. Os primeiros testes mostram redução de custo e tempo em mais de 60%. O mercado existe, a dor é urgente, a tração começa agora.

[47-60s] O Red Bull Basement é o trampolim que faltava. Com esse apoio, escalamos o MVP, chegamos a mil usuários em 90 dias e mostramos ao mundo que inovação real resolve dores reais."
"7","Gargalos Burocráticos para a Empresa de Uma Pessoa Só","Startup que resolve gargalos burocráticos empresa pessoa para empreendedores solo e freelancers com plataforma B2B SaaS. Transforma um processo caro e travado em solução digital, acessível e escalável.","Nossos clientes são empreendedores solo e freelancers que enfrentam diariamente: O surgimento dos ""Vibe Coders"" e agentes de IA permite criar startups solo de alta receita, mas a burocracia tributária e jurídica esmaga o processo. Eles estão presos em processos manuais, caros ou injustos sem alternativa tecnológica acessível. Nossa solução foi desenhada especificamente para resolver essa dor com.","1) O surgimento dos ""Vibe Coders"" e agentes de IA permite criar startups solo de alta receita, mas a burocracia tributária. 2) O Estado ainda entende empresas como grandes organogramas físicos, sobretaxando e complicando quem tenta empreender. 3) Sem solução tecnológica adequada hoje, o custo humano e financeiro cresce exponencialmente — e o mercado ainda opera no modo analógico.","O usuário acessa via app ou API. Nossa solução usa IA e análise de dados para O Estado ainda entende empresas como grandes organogramas físicos, sobretaxando e complicando quem tenta empreender como um ecossistema digital. O resultado: processo automatizado, auditável e escalonável — entregando valor em minutos, não semanas.","SoloLegal IA","Startup que resolve gargalos burocráticos empresa pessoa para empreendedores solo e freelancers com plataforma B2B SaaS","Nossos clientes são empreendedores solo e freelancers que enfrentam diariamente: O surgimento dos ""Vibe Coders"" e agentes de IA permite criar startups solo de alta receita, mas a burocracia tributária e jurídica esmaga o processo. Eles estão presos em processos manuais, caros ou injustos sem alternativa tecnológica acessível. Nossa solução foi desenhada especificamente para resolver essa dor com.","Problema real e urgente: O surgimento dos ""Vibe Coders"" e agentes de IA permite criar startups solo de alta receita, mas a burocracia tributária e jurídica esmaga o processo. Isso custa bilhões ao ano e afeta milhões de pessoas sem solução tecnológica hoje. O tempo de agir é agora.","O usuário acessa via app ou API. Nossa solução usa IA e análise de dados para O Estado ainda entende empresas como grandes organogramas físicos, sobretaxando e complicando quem tenta empreender como um ecossistema digital. O resultado: processo automatizado, auditável e escalonável — entregando valor em minutos, não semanas.","[0-10s] Sabia que milhões de empreendedores solo e freelancers perdem dinheiro todos os dias por causa de um sistema travado no século passado?

[10-22s] O problema é real: O surgimento dos ""Vibe Coders"" e agentes de IA permite criar startups solo de alta. Eles tentam resolver com planilhas, intermediários e processos manuais. Não funciona.

[22-35s] Criamos SoloLegal IA — Startup que resolve gargalos burocráticos empresa pessoa para empreendedores solo e freelancers com plataforma B2B SaaS. Transforma um processo caro e travado em solução digital, acessível e escalável. Nossa tecnologia: O Estado ainda entende empresas como grandes organogramas físicos, sobretaxando e.

[35-47s] Já validamos com usuários reais. Os primeiros testes mostram redução de custo e tempo em mais de 60%. O mercado existe, a dor é urgente, a tração começa agora.

[47-60s] O Red Bull Basement é o trampolim que faltava. Com esse apoio, escalamos o MVP, chegamos a mil usuários em 90 dias e mostramos ao mundo que inovação real resolve dores reais."
"8","Subutilização da Força de Trabalho Prateada","Startup que resolve subutilização força trabalho prateada para aposentados e pensionistas com IA e dados. Transforma um processo caro e travado em solução digital, acessível e escalável.","Nossos clientes são aposentados e pensionistas que enfrentam diariamente: Empresas perdem memória institucional ao forçar a aposentadoria precoce, enquanto enfrentam apagão de talentos técnicos. Eles estão presos em processos manuais, caros ou injustos sem alternativa tecnológica acessível. Nossa solução foi desenhada especificamente para resolver essa dor com velocidade, segurança e custo.","1) Empresas perdem memória institucional ao forçar a aposentadoria precoce, enquanto enfrentam apagão de talentos técnicos. 2) Há preconceito enraizado (etarismo). O mercado descarta indivíduos 60+ altamente capacitados que desejam continuar. 3) Sem solução tecnológica adequada hoje, o custo humano e financeiro cresce exponencialmente — e o mercado ainda opera no modo analógico.","O usuário acessa via app ou API. Nossa solução usa IA generativa para Há preconceito enraizado (etarismo). O mercado descarta indivíduos 60+ altamente capacitados que desejam continuar trabalhando em arranjos flexíveis. O resultado: processo automatizado, auditável e escalonável — entregando valor em minutos, não semanas.","SilverWork Pro","Startup que resolve subutilização força trabalho prateada para aposentados e pensionistas com IA e dados","Nossos clientes são aposentados e pensionistas que enfrentam diariamente: Empresas perdem memória institucional ao forçar a aposentadoria precoce, enquanto enfrentam apagão de talentos técnicos. Eles estão presos em processos manuais, caros ou injustos sem alternativa tecnológica acessível. Nossa solução foi desenhada especificamente para resolver essa dor com velocidade, segurança e custo.","Problema real e urgente: Empresas perdem memória institucional ao forçar a aposentadoria precoce, enquanto enfrentam apagão de talentos técnicos. Isso custa bilhões ao ano e afeta milhões de pessoas sem solução tecnológica hoje. O tempo de agir é agora.","O usuário acessa via app ou API. Nossa solução usa IA generativa para Há preconceito enraizado (etarismo). O mercado descarta indivíduos 60+ altamente capacitados que desejam continuar trabalhando em arranjos flexíveis. O resultado: processo automatizado, auditável e escalonável — entregando valor em minutos, não semanas.","[0-10s] Sabia que milhões de aposentados e pensionistas perdem dinheiro todos os dias por causa de um sistema travado no século passado?

[10-22s] O problema é real: Empresas perdem memória institucional ao forçar a aposentadoria precoce, enquanto. Eles tentam resolver com planilhas, intermediários e processos manuais. Não funciona.

[22-35s] Criamos SilverWork Pro — Startup que resolve subutilização força trabalho prateada para aposentados e pensionistas com IA e dados. Transforma um processo caro e travado em solução digital, acessível e escalável. Nossa tecnologia: Há preconceito enraizado (etarismo). O mercado descarta indivíduos 60+ altamente.

[35-47s] Já validamos com usuários reais. Os primeiros testes mostram redução de custo e tempo em mais de 60%. O mercado existe, a dor é urgente, a tração começa agora.

[47-60s] O Red Bull Basement é o trampolim que faltava. Com esse apoio, escalamos o MVP, chegamos a mil usuários em 90 dias e mostramos ao mundo que inovação real resolve dores reais."
"9","O Abismo de Crédito para o Empreendedorismo de Maturidade (Silver Startups)","Startup que resolve abismo crédito empreendedorismo maturidade para empresas de médio porte e corporações com fintech. Transforma um processo caro e travado em solução digital, acessível e escalável.","Nossos clientes são empresas de médio porte e corporações que enfrentam diariamente: Profissionais que decidem abrir empresas aos 65 anos esbarram em recusas bancárias atreladas à expectativa de vida e modelos de risco focados apenas em jovens. Eles estão presos em processos manuais, caros ou injustos sem alternativa tecnológica acessível. Nossa solução foi desenhada especificamente para resolver.","1) Profissionais que decidem abrir empresas aos 65 anos esbarram em recusas bancárias atreladas à expectativa de vida e. 2) O ecossistema VC e bancário ignora a demografia com maior acúmulo de experiência de falhas. Oportunidade: Fintechs e. 3) Sem solução tecnológica adequada hoje, o custo humano e financeiro cresce exponencialmente — e o mercado ainda opera no modo analógico.","O usuário acessa via app ou API. Nossa solução usa IA generativa para O ecossistema VC e bancário ignora a demografia com maior acúmulo de experiência de falhas. Oportunidade: Fintechs e fundos de ""Venture Capital. O resultado: processo automatizado, auditável e escalonável — entregando valor em minutos, não semanas.","SilverCredit IA","Startup que resolve abismo crédito empreendedorismo maturidade para empresas de médio porte e corporações com fintech","Nossos clientes são empresas de médio porte e corporações que enfrentam diariamente: Profissionais que decidem abrir empresas aos 65 anos esbarram em recusas bancárias atreladas à expectativa de vida e modelos de risco focados apenas em jovens. Eles estão presos em processos manuais, caros ou injustos sem alternativa tecnológica acessível. Nossa solução foi desenhada especificamente para resolver.","Problema real e urgente: Profissionais que decidem abrir empresas aos 65 anos esbarram em recusas bancárias atreladas à expectativa de vida e modelos de risco focados apenas. Isso custa bilhões ao ano e afeta milhões de pessoas sem solução tecnológica hoje. O tempo de agir é agora.","O usuário acessa via app ou API. Nossa solução usa IA generativa para O ecossistema VC e bancário ignora a demografia com maior acúmulo de experiência de falhas. Oportunidade: Fintechs e fundos de ""Venture Capital. O resultado: processo automatizado, auditável e escalonável — entregando valor em minutos, não semanas.","[0-10s] Sabia que milhões de empresas de médio porte e corporações perdem dinheiro todos os dias por causa de um sistema travado no século passado?

[10-22s] O problema é real: Profissionais que decidem abrir empresas aos 65 anos esbarram em recusas bancárias. Eles tentam resolver com planilhas, intermediários e processos manuais. Não funciona.

[22-35s] Criamos SilverCredit IA — Startup que resolve abismo crédito empreendedorismo maturidade para empresas de médio porte e corporações com fintech. Transforma um processo caro e travado em solução digital, acessível e escalável. Nossa tecnologia: O ecossistema VC e bancário ignora a demografia com maior acúmulo de experiência de.

[35-47s] Já validamos com usuários reais. Os primeiros testes mostram redução de custo e tempo em mais de 60%. O mercado existe, a dor é urgente, a tração começa agora.

[47-60s] O Red Bull Basement é o trampolim que faltava. Com esse apoio, escalamos o MVP, chegamos a mil usuários em 90 dias e mostramos ao mundo que inovação real resolve dores reais."
"10","Ineficiência do Crédito Baseado no Clima Passado","Startup que resolve ineficiência crédito baseado clima para empreendedores, startups e empresas inovadoras com fintech. Transforma um processo caro e travado em solução digital, acessível e escalável.","Nossos clientes são empreendedores, startups e empresas inovadoras que enfrentam diariamente: Bancos continuam emprestando para expansão agrícola em áreas que as projeções climáticas (ZARC) mostram ser inviáveis amanhã. Eles estão presos em processos manuais, caros ou injustos sem alternativa tecnológica acessível. Nossa solução foi desenhada especificamente para resolver essa dor com velocidade.","1) Bancos continuam emprestando para expansão agrícola em áreas que as projeções climáticas (ZARC) mostram ser inviáveis. 2) Há um descompasso temporal: o mercado usa o passado para julgar o risco futuro. O crédito barato incentiva plantios em. 3) Sem solução tecnológica adequada hoje, o custo humano e financeiro cresce exponencialmente — e o mercado ainda opera no modo analógico.","O usuário acessa via app ou API. Nossa solução usa IA generativa para Há um descompasso temporal: o mercado usa o passado para julgar o risco futuro. O crédito barato incentiva plantios em áreas de risco iminente de. O resultado: processo automatizado, auditável e escalonável — entregando valor em minutos, não semanas.","ClimateScore IA","Startup que resolve ineficiência crédito baseado clima para empreendedores, startups e empresas inovadoras com fintech","Nossos clientes são empreendedores, startups e empresas inovadoras que enfrentam diariamente: Bancos continuam emprestando para expansão agrícola em áreas que as projeções climáticas (ZARC) mostram ser inviáveis amanhã. Eles estão presos em processos manuais, caros ou injustos sem alternativa tecnológica acessível. Nossa solução foi desenhada especificamente para resolver essa dor com velocidade.","Problema real e urgente: Bancos continuam emprestando para expansão agrícola em áreas que as projeções climáticas (ZARC) mostram ser inviáveis amanhã. Isso custa bilhões ao ano e afeta milhões de pessoas sem solução tecnológica hoje. O tempo de agir é agora.","O usuário acessa via app ou API. Nossa solução usa IA generativa para Há um descompasso temporal: o mercado usa o passado para julgar o risco futuro. O crédito barato incentiva plantios em áreas de risco iminente de. O resultado: processo automatizado, auditável e escalonável — entregando valor em minutos, não semanas.","[0-10s] Sabia que milhões de empreendedores, startups e empresas inovadoras perdem dinheiro todos os dias por causa de um sistema travado no século passado?

[10-22s] O problema é real: Bancos continuam emprestando para expansão agrícola em áreas que as projeções climáticas. Eles tentam resolver com planilhas, intermediários e processos manuais. Não funciona.

[22-35s] Criamos ClimateScore IA — Startup que resolve ineficiência crédito baseado clima para empreendedores, startups e empresas inovadoras com fintech. Transforma um processo caro e travado em solução digital, acessível e escalável. Nossa tecnologia: Há um descompasso temporal: o mercado usa o passado para julgar o risco futuro. O crédito.

[35-47s] Já validamos com usuários reais. Os primeiros testes mostram redução de custo e tempo em mais de 60%. O mercado existe, a dor é urgente, a tração começa agora.

[47-60s] O Red Bull Basement é o trampolim que faltava. Com esse apoio, escalamos o MVP, chegamos a mil usuários em 90 dias e mostramos ao mundo que inovação real resolve dores reais."
"11","O Colapso Da Governança Sistêmica Nos Modelos Multilaterais","Startup que resolve colapso governança sistêmica modelos para empreendedores, startups e empresas inovadoras com IA e dados. Transforma um processo caro e travado em solução digital, acessível e escalável.","Nossos clientes são empreendedores, startups e empresas inovadoras que enfrentam diariamente: Instituições desenhadas no pós-Guerra (ONU, FMI) não conseguem coordenar com agilidade a tríade indissociável das crises atuais: Minerais Críticos, Escassez Hídrica e Mudança de. Eles estão presos em processos manuais, caros ou injustos sem alternativa tecnológica acessível. Nossa solução foi desenhada.","1) Instituições desenhadas no pós-Guerra (ONU, FMI) não conseguem coordenar com agilidade a tríade indissociável das. 2) Cada país legisla em desespero individual; as Nações Unidas tornam-se inoperantes, restando apenas sanções vazias ou. 3) Sem solução tecnológica adequada hoje, o custo humano e financeiro cresce exponencialmente — e o mercado ainda opera no modo analógico.","O usuário acessa via app ou API. Nossa solução usa IA generativa para Cada país legisla em desespero individual; as Nações Unidas tornam-se inoperantes, restando apenas sanções vazias ou omissão em blocos de interesse. O resultado: processo automatizado, auditável e escalonável — entregando valor em minutos, não semanas.","GovTech Global","Startup que resolve colapso governança sistêmica modelos para empreendedores, startups e empresas inovadoras com IA e dados","Nossos clientes são empreendedores, startups e empresas inovadoras que enfrentam diariamente: Instituições desenhadas no pós-Guerra (ONU, FMI) não conseguem coordenar com agilidade a tríade indissociável das crises atuais: Minerais Críticos, Escassez Hídrica e Mudança de. Eles estão presos em processos manuais, caros ou injustos sem alternativa tecnológica acessível. Nossa solução foi desenhada.","Problema real e urgente: Instituições desenhadas no pós-Guerra (ONU, FMI) não conseguem coordenar com agilidade a tríade indissociável das crises atuais: Minerais Críticos. Isso custa bilhões ao ano e afeta milhões de pessoas sem solução tecnológica hoje. O tempo de agir é agora.","O usuário acessa via app ou API. Nossa solução usa IA generativa para Cada país legisla em desespero individual; as Nações Unidas tornam-se inoperantes, restando apenas sanções vazias ou omissão em blocos de interesse. O resultado: processo automatizado, auditável e escalonável — entregando valor em minutos, não semanas.","[0-10s] Sabia que milhões de empreendedores, startups e empresas inovadoras perdem dinheiro todos os dias por causa de um sistema travado no século passado?

[10-22s] O problema é real: Instituições desenhadas no pós-Guerra (ONU, FMI) não conseguem coordenar com agilidade a. Eles tentam resolver com planilhas, intermediários e processos manuais. Não funciona.

[22-35s] Criamos GovTech Global — Startup que resolve colapso governança sistêmica modelos para empreendedores, startups e empresas inovadoras com IA e dados. Transforma um processo caro e travado em solução digital, acessível e escalável. Nossa tecnologia: Cada país legisla em desespero individual; as Nações Unidas tornam-se inoperantes.

[35-47s] Já validamos com usuários reais. Os primeiros testes mostram redução de custo e tempo em mais de 60%. O mercado existe, a dor é urgente, a tração começa agora.

[47-60s] O Red Bull Basement é o trampolim que faltava. Com esse apoio, escalamos o MVP, chegamos a mil usuários em 90 dias e mostramos ao mundo que inovação real resolve dores reais."
"12","Falta Estrutural de Profissionais de Cuidados","Startup que resolve falta estrutural profissionais cuidados para cuidadores e profissionais de saúde domiciliar com IA e dados. Transforma um processo caro e travado em solução digital, acessível e escalável.","Nossos clientes são cuidadores e profissionais de saúde domiciliar que enfrentam diariamente: O mundo desenvolvido e os emergentes envelhecem rápido, mas a oferta de cuidadores humanos despenca. Eles estão presos em processos manuais, caros ou injustos sem alternativa tecnológica acessível. Nossa solução foi desenhada especificamente para resolver essa dor com velocidade, segurança e custo.","1) O mundo desenvolvido e os emergentes envelhecem rápido, mas a oferta de cuidadores humanos despenca. 2) A geração Z rejeita profissões exaustivas, mal pagas e de baixo status, causando escassez de milhões de leitos e. 3) Sem solução tecnológica adequada hoje, o custo humano e financeiro cresce exponencialmente — e o mercado ainda opera no modo analógico.","O usuário acessa via app ou API. Nossa solução usa IA generativa para A geração Z rejeita profissões exaustivas, mal pagas e de baixo status, causando escassez de milhões de leitos e profissionais de saúde. O resultado: processo automatizado, auditável e escalonável — entregando valor em minutos, não semanas.","CareMatch IA","Startup que resolve falta estrutural profissionais cuidados para cuidadores e profissionais de saúde domiciliar com IA e dados","Nossos clientes são cuidadores e profissionais de saúde domiciliar que enfrentam diariamente: O mundo desenvolvido e os emergentes envelhecem rápido, mas a oferta de cuidadores humanos despenca. Eles estão presos em processos manuais, caros ou injustos sem alternativa tecnológica acessível. Nossa solução foi desenhada especificamente para resolver essa dor com velocidade, segurança e custo.","Problema real e urgente: O mundo desenvolvido e os emergentes envelhecem rápido, mas a oferta de cuidadores humanos despenca. Isso custa bilhões ao ano e afeta milhões de pessoas sem solução tecnológica hoje. O tempo de agir é agora.","O usuário acessa via app ou API. Nossa solução usa IA generativa para A geração Z rejeita profissões exaustivas, mal pagas e de baixo status, causando escassez de milhões de leitos e profissionais de saúde. O resultado: processo automatizado, auditável e escalonável — entregando valor em minutos, não semanas.","[0-10s] Sabia que milhões de cuidadores e profissionais de saúde domiciliar perdem dinheiro todos os dias por causa de um sistema travado no século passado?

[10-22s] O problema é real: O mundo desenvolvido e os emergentes envelhecem rápido, mas a oferta de cuidadores. Eles tentam resolver com planilhas, intermediários e processos manuais. Não funciona.

[22-35s] Criamos CareMatch IA — Startup que resolve falta estrutural profissionais cuidados para cuidadores e profissionais de saúde domiciliar com IA e dados. Transforma um processo caro e travado em solução digital, acessível e escalável. Nossa tecnologia: A geração Z rejeita profissões exaustivas, mal pagas e de baixo status, causando escassez.

[35-47s] Já validamos com usuários reais. Os primeiros testes mostram redução de custo e tempo em mais de 60%. O mercado existe, a dor é urgente, a tração começa agora.

[47-60s] O Red Bull Basement é o trampolim que faltava. Com esse apoio, escalamos o MVP, chegamos a mil usuários em 90 dias e mostramos ao mundo que inovação real resolve dores reais."
"13","Insolvência Sistêmica de Resseguradoras Climáticas","Startup que resolve insolvência sistêmica resseguradoras climáticas para empreendedores, startups e empresas inovadoras com tokenização de ativos digitais. Transforma um processo caro e travado em solução digital, acessível e escalável.","Nossos clientes são empreendedores, startups e empresas inovadoras que enfrentam diariamente: A sobreposição de catástrofes simultâneas (secas + furacões) consome as reservas financeiras de proteção global. Eles estão presos em processos manuais, caros ou injustos sem alternativa tecnológica acessível. Nossa solução foi desenhada especificamente para resolver essa dor com velocidade, segurança e.","1) A sobreposição de catástrofes simultâneas (secas + furacões) consome as reservas financeiras de proteção global. 2) O aumento da severidade e frequência das catástrofes ultrapassa os piores cenários atuariais, ameaçando a solidez do. 3) Sem solução tecnológica adequada hoje, o custo humano e financeiro cresce exponencialmente — e o mercado ainda opera no modo analógico.","O usuário acessa via app ou API. Nossa solução usa IA generativa para O aumento da severidade e frequência das catástrofes ultrapassa os piores cenários atuariais, ameaçando a solidez do mercado financeiro que banca o. O resultado: processo automatizado, auditável e escalonável — entregando valor em minutos, não semanas.","ResiliaRisk IA","Startup que resolve insolvência sistêmica resseguradoras climáticas para empreendedores, startups e empresas inovadoras com tokenização de ativos.","Nossos clientes são empreendedores, startups e empresas inovadoras que enfrentam diariamente: A sobreposição de catástrofes simultâneas (secas + furacões) consome as reservas financeiras de proteção global. Eles estão presos em processos manuais, caros ou injustos sem alternativa tecnológica acessível. Nossa solução foi desenhada especificamente para resolver essa dor com velocidade, segurança e.","Problema real e urgente: A sobreposição de catástrofes simultâneas (secas + furacões) consome as reservas financeiras de proteção global. Isso custa bilhões ao ano e afeta milhões de pessoas sem solução tecnológica hoje. O tempo de agir é agora.","O usuário acessa via app ou API. Nossa solução usa IA generativa para O aumento da severidade e frequência das catástrofes ultrapassa os piores cenários atuariais, ameaçando a solidez do mercado financeiro que banca o. O resultado: processo automatizado, auditável e escalonável — entregando valor em minutos, não semanas.","[0-10s] Sabia que milhões de empreendedores, startups e empresas inovadoras perdem dinheiro todos os dias por causa de um sistema travado no século passado?

[10-22s] O problema é real: A sobreposição de catástrofes simultâneas (secas + furacões) consome as reservas. Eles tentam resolver com planilhas, intermediários e processos manuais. Não funciona.

[22-35s] Criamos ResiliaRisk IA — Startup que resolve insolvência sistêmica resseguradoras climáticas para empreendedores, startups e empresas inovadoras com tokenização de ativos digitais. Transforma um processo caro e travado em solução digital, acessível e escalável. Nossa tecnologia: O aumento da severidade e frequência das catástrofes ultrapassa os piores cenários.

[35-47s] Já validamos com usuários reais. Os primeiros testes mostram redução de custo e tempo em mais de 60%. O mercado existe, a dor é urgente, a tração começa agora.

[47-60s] O Red Bull Basement é o trampolim que faltava. Com esse apoio, escalamos o MVP, chegamos a mil usuários em 90 dias e mostramos ao mundo que inovação real resolve dores reais."
"14","Risco de insolvência de seguradoras em eventos extremos","Startup que resolve risco insolvência seguradoras eventos para seguradoras, resseguradoras e gestores de risco com IA e análise de dados. Transforma um processo caro e travado em solução digital, acessível e escalável.","Nossos clientes são seguradoras, resseguradoras e gestores de risco que enfrentam diariamente: Séries de desastres em sequência podem consumir rapidamente capital de seguradoras e resseguradoras. Eles estão presos em processos manuais, caros ou injustos sem alternativa tecnológica acessível. Nossa solução foi desenhada especificamente para resolver essa dor com velocidade, segurança e custo.","1) Séries de desastres em sequência podem consumir rapidamente capital de seguradoras e resseguradoras. 2) Enchentes históricas, ciclones e secas prolongadas ocorrem com menor intervalo entre si, provocando picos de sinistros. 3) Sem solução tecnológica adequada hoje, o custo humano e financeiro cresce exponencialmente — e o mercado ainda opera no modo analógico.","O usuário acessa via app ou API. Nossa solução usa modelos de IA treinados localmente para Enchentes históricas, ciclones e secas prolongadas ocorrem com menor intervalo entre si, provocando picos de sinistros; sem mecanismos como fundos. O resultado: processo automatizado, auditável e escalonável — entregando valor em minutos, não semanas.","ClimateGuard Re","Startup que resolve risco insolvência seguradoras eventos para seguradoras, resseguradoras e gestores de risco com IA e análise de dados","Nossos clientes são seguradoras, resseguradoras e gestores de risco que enfrentam diariamente: Séries de desastres em sequência podem consumir rapidamente capital de seguradoras e resseguradoras. Eles estão presos em processos manuais, caros ou injustos sem alternativa tecnológica acessível. Nossa solução foi desenhada especificamente para resolver essa dor com velocidade, segurança e custo.","Problema real e urgente: Séries de desastres em sequência podem consumir rapidamente capital de seguradoras e resseguradoras. Isso custa bilhões ao ano e afeta milhões de pessoas sem solução tecnológica hoje. O tempo de agir é agora.","O usuário acessa via app ou API. Nossa solução usa modelos de IA treinados localmente para Enchentes históricas, ciclones e secas prolongadas ocorrem com menor intervalo entre si, provocando picos de sinistros; sem mecanismos como fundos. O resultado: processo automatizado, auditável e escalonável — entregando valor em minutos, não semanas.","[0-10s] Sabia que milhões de seguradoras, resseguradoras e gestores de risco perdem dinheiro todos os dias por causa de um sistema travado no século passado?

[10-22s] O problema é real: Séries de desastres em sequência podem consumir rapidamente capital de seguradoras e. Eles tentam resolver com planilhas, intermediários e processos manuais. Não funciona.

[22-35s] Criamos ClimateGuard Re — Startup que resolve risco insolvência seguradoras eventos para seguradoras, resseguradoras e gestores de risco com IA e análise de dados. Transforma um processo caro e travado em solução digital, acessível e escalável. Nossa tecnologia: Enchentes históricas, ciclones e secas prolongadas ocorrem com menor intervalo entre si.

[35-47s] Já validamos com usuários reais. Os primeiros testes mostram redução de custo e tempo em mais de 60%. O mercado existe, a dor é urgente, a tração começa agora.

[47-60s] O Red Bull Basement é o trampolim que faltava. Com esse apoio, escalamos o MVP, chegamos a mil usuários em 90 dias e mostramos ao mundo que inovação real resolve dores reais."
"15","Abandono Algorítmico do Crédito Rural de Pequeno Porte (Agricultura Familiar)","Startup que resolve abandono algorítmico crédito rural para empreendedores, startups e empresas inovadoras com IA e dados. Transforma um processo caro e travado em solução digital, acessível e escalável.","Nossos clientes são empreendedores, startups e empresas inovadoras que enfrentam diariamente: Bancos usam IAs e satélites baseados nos vastos latifúndios do Centro-Oeste para pontuar crédito; quando o pequeno produtor do Nordeste tenta financiamento, a IA não entende seu. Eles estão presos em processos manuais, caros ou injustos sem alternativa tecnológica acessível. Nossa solução foi desenhada.","1) Bancos usam IAs e satélites baseados nos vastos latifúndios do Centro-Oeste para pontuar crédito; quando o pequeno. 2) A máquina é treinada para aprovar monocultura predatória e punir o pequeno fazendeiro orgânico. Oportunidade: Agritechs. 3) Sem solução tecnológica adequada hoje, o custo humano e financeiro cresce exponencialmente — e o mercado ainda opera no modo analógico.","O usuário acessa via app ou API. Nossa solução usa IA generativa para A máquina é treinada para aprovar monocultura predatória e punir o pequeno fazendeiro orgânico. Oportunidade: Agritechs financeiras operadas via. O resultado: processo automatizado, auditável e escalonável — entregando valor em minutos, não semanas.","AgroCredit IA","Startup que resolve abandono algorítmico crédito rural para empreendedores, startups e empresas inovadoras com IA e dados","Nossos clientes são empreendedores, startups e empresas inovadoras que enfrentam diariamente: Bancos usam IAs e satélites baseados nos vastos latifúndios do Centro-Oeste para pontuar crédito; quando o pequeno produtor do Nordeste tenta financiamento, a IA não entende seu. Eles estão presos em processos manuais, caros ou injustos sem alternativa tecnológica acessível. Nossa solução foi desenhada.","Problema real e urgente: Bancos usam IAs e satélites baseados nos vastos latifúndios do Centro-Oeste para pontuar crédito; quando o pequeno produtor do Nordeste tenta. Isso custa bilhões ao ano e afeta milhões de pessoas sem solução tecnológica hoje. O tempo de agir é agora.","O usuário acessa via app ou API. Nossa solução usa IA generativa para A máquina é treinada para aprovar monocultura predatória e punir o pequeno fazendeiro orgânico. Oportunidade: Agritechs financeiras operadas via. O resultado: processo automatizado, auditável e escalonável — entregando valor em minutos, não semanas.","[0-10s] Sabia que milhões de empreendedores, startups e empresas inovadoras perdem dinheiro todos os dias por causa de um sistema travado no século passado?

[10-22s] O problema é real: Bancos usam IAs e satélites baseados nos vastos latifúndios do Centro-Oeste para pontuar. Eles tentam resolver com planilhas, intermediários e processos manuais. Não funciona.

[22-35s] Criamos AgroCredit IA — Startup que resolve abandono algorítmico crédito rural para empreendedores, startups e empresas inovadoras com IA e dados. Transforma um processo caro e travado em solução digital, acessível e escalável. Nossa tecnologia: A máquina é treinada para aprovar monocultura predatória e punir o pequeno fazendeiro.

[35-47s] Já validamos com usuários reais. Os primeiros testes mostram redução de custo e tempo em mais de 60%. O mercado existe, a dor é urgente, a tração começa agora.

[47-60s] O Red Bull Basement é o trampolim que faltava. Com esse apoio, escalamos o MVP, chegamos a mil usuários em 90 dias e mostramos ao mundo que inovação real resolve dores reais."
"16","Desvio e Escassez da Mão de Obra do Cuidado Diante do E-commerce","Startup que resolve desvio escassez mão obra para idosos acima de 60 anos com IA e análise de dados. Transforma um processo caro e travado em solução digital, acessível e escalável.","Nossos clientes são idosos acima de 60 anos que enfrentam diariamente: Enfermeiros básicos e cuidadores de idosos trocam a pressão e os salários precários dos asilos e hospitais pela flexibilidade de dirigir Uber ou fazer entregas do Mercado Livre. Eles estão presos em processos manuais, caros ou injustos sem alternativa tecnológica acessível. Nossa solução foi desenhada especificamente para.","1) Enfermeiros básicos e cuidadores de idosos trocam a pressão e os salários precários dos asilos e hospitais pela. 2) A caixa de sapato chega em 2h, mas não tem ninguém para dar banho no idoso de 80 anos na cidade. Oportunidade: Criação. 3) Sem solução tecnológica adequada hoje, o custo humano e financeiro cresce exponencialmente — e o mercado ainda opera no modo analógico.","O usuário acessa via app ou API. Nossa solução usa análise de dados em tempo real para A caixa de sapato chega em 2h, mas não tem ninguém para dar banho no idoso de 80 anos na cidade. Oportunidade: Criação de Cooperativas Tech de. O resultado: processo automatizado, auditável e escalonável — entregando valor em minutos, não semanas.","CareChain IA","Startup que resolve desvio escassez mão obra para idosos acima de 60 anos com IA e análise de dados","Nossos clientes são idosos acima de 60 anos que enfrentam diariamente: Enfermeiros básicos e cuidadores de idosos trocam a pressão e os salários precários dos asilos e hospitais pela flexibilidade de dirigir Uber ou fazer entregas do Mercado Livre. Eles estão presos em processos manuais, caros ou injustos sem alternativa tecnológica acessível. Nossa solução foi desenhada especificamente para.","Problema real e urgente: Enfermeiros básicos e cuidadores de idosos trocam a pressão e os salários precários dos asilos e hospitais pela flexibilidade de dirigir Uber ou. Isso custa bilhões ao ano e afeta milhões de pessoas sem solução tecnológica hoje. O tempo de agir é agora.","O usuário acessa via app ou API. Nossa solução usa análise de dados em tempo real para A caixa de sapato chega em 2h, mas não tem ninguém para dar banho no idoso de 80 anos na cidade. Oportunidade: Criação de Cooperativas Tech de. O resultado: processo automatizado, auditável e escalonável — entregando valor em minutos, não semanas.","[0-10s] Sabia que milhões de idosos acima de 60 anos perdem dinheiro todos os dias por causa de um sistema travado no século passado?

[10-22s] O problema é real: Enfermeiros básicos e cuidadores de idosos trocam a pressão e os salários precários dos. Eles tentam resolver com planilhas, intermediários e processos manuais. Não funciona.

[22-35s] Criamos CareChain IA — Startup que resolve desvio escassez mão obra para idosos acima de 60 anos com IA e análise de dados. Transforma um processo caro e travado em solução digital, acessível e escalável. Nossa tecnologia: A caixa de sapato chega em 2h, mas não tem ninguém para dar banho no idoso de 80 anos na.

[35-47s] Já validamos com usuários reais. Os primeiros testes mostram redução de custo e tempo em mais de 60%. O mercado existe, a dor é urgente, a tração começa agora.

[47-60s] O Red Bull Basement é o trampolim que faltava. Com esse apoio, escalamos o MVP, chegamos a mil usuários em 90 dias e mostramos ao mundo que inovação real resolve dores reais."
"17","Biopirataria Algorítmica da Fauna Sul-Americana pelas Big Pharmas","Startup que resolve biopirataria algorítmica fauna sul-americana para empreendedores, startups e empresas inovadoras com smart contracts on-chain. Transforma um processo caro e travado em solução digital, acessível e escalável.","Nossos clientes são empreendedores, startups e empresas inovadoras que enfrentam diariamente: Laboratórios globais raspam dados genéticos digitalizados e patentes antigas de extratos da Amazônia, processam essas moléculas em IAs preditivas na Europa, patenteiam o resultado. Eles estão presos em processos manuais, caros ou injustos sem alternativa tecnológica acessível. Nossa solução foi desenhada.","1) Laboratórios globais raspam dados genéticos digitalizados e patentes antigas de extratos da Amazônia, processam essas. 2) A IA permitiu o roubo invisível do patrimônio genético florestal sem pisar na floresta. Oportunidade: Criação de. 3) Sem solução tecnológica adequada hoje, o custo humano e financeiro cresce exponencialmente — e o mercado ainda opera no modo analógico.","O usuário acessa via app ou API. Nossa solução usa IA generativa para A IA permitiu o roubo invisível do patrimônio genético florestal sem pisar na floresta. Oportunidade: Criação de 'Bolsas de Bio-Tokens' estatais. O resultado: processo automatizado, auditável e escalonável — entregando valor em minutos, não semanas.","BioSovereign IA","Startup que resolve biopirataria algorítmica fauna sul-americana para empreendedores, startups e empresas inovadoras com smart contracts on-chain","Nossos clientes são empreendedores, startups e empresas inovadoras que enfrentam diariamente: Laboratórios globais raspam dados genéticos digitalizados e patentes antigas de extratos da Amazônia, processam essas moléculas em IAs preditivas na Europa, patenteiam o resultado. Eles estão presos em processos manuais, caros ou injustos sem alternativa tecnológica acessível. Nossa solução foi desenhada.","Problema real e urgente: Laboratórios globais raspam dados genéticos digitalizados e patentes antigas de extratos da Amazônia, processam essas moléculas em IAs preditivas na. Isso custa bilhões ao ano e afeta milhões de pessoas sem solução tecnológica hoje. O tempo de agir é agora.","O usuário acessa via app ou API. Nossa solução usa IA generativa para A IA permitiu o roubo invisível do patrimônio genético florestal sem pisar na floresta. Oportunidade: Criação de 'Bolsas de Bio-Tokens' estatais. O resultado: processo automatizado, auditável e escalonável — entregando valor em minutos, não semanas.","[0-10s] Sabia que milhões de empreendedores, startups e empresas inovadoras perdem dinheiro todos os dias por causa de um sistema travado no século passado?

[10-22s] O problema é real: Laboratórios globais raspam dados genéticos digitalizados e patentes antigas de extratos. Eles tentam resolver com planilhas, intermediários e processos manuais. Não funciona.

[22-35s] Criamos BioSovereign IA — Startup que resolve biopirataria algorítmica fauna sul-americana para empreendedores, startups e empresas inovadoras com smart contracts on-chain. Transforma um processo caro e travado em solução digital, acessível e escalável. Nossa tecnologia: A IA permitiu o roubo invisível do patrimônio genético florestal sem pisar na floresta.

[35-47s] Já validamos com usuários reais. Os primeiros testes mostram redução de custo e tempo em mais de 60%. O mercado existe, a dor é urgente, a tração começa agora.

[47-60s] O Red Bull Basement é o trampolim que faltava. Com esse apoio, escalamos o MVP, chegamos a mil usuários em 90 dias e mostramos ao mundo que inovação real resolve dores reais."
"18","Fadiga de Ferramentas e Burnout do Modelo Híbrido","Startup que resolve fadiga ferramentas burnout modelo para trabalhadores formais e informais com IA e dados. Transforma um processo caro e travado em solução digital, acessível e escalável.","Nossos clientes são trabalhadores formais e informais que enfrentam diariamente: A adoção caótica de dezenas de SaaS (Slack, Teams, Asana, Zoom) destruiu as fronteiras entre trabalho e descanso. Eles estão presos em processos manuais, caros ou injustos sem alternativa tecnológica acessível. Nossa solução foi desenhada especificamente para resolver essa dor com velocidade, segurança e custo.","1) A adoção caótica de dezenas de SaaS (Slack, Teams, Asana, Zoom) destruiu as fronteiras entre trabalho e descanso. 2) O excesso de notificações simultâneas fragmenta a atenção, corrói o foco profundo e exaure os trabalhadores sob a falsa. 3) Sem solução tecnológica adequada hoje, o custo humano e financeiro cresce exponencialmente — e o mercado ainda opera no modo analógico.","O usuário acessa via app ou API. Nossa solução usa IA generativa para O excesso de notificações simultâneas fragmenta a atenção, corrói o foco profundo e exaure os trabalhadores sob a falsa promessa de produtividade. O resultado: processo automatizado, auditável e escalonável — entregando valor em minutos, não semanas.","WorkFlow Balance","Startup que resolve fadiga ferramentas burnout modelo para trabalhadores formais e informais com IA e dados","Nossos clientes são trabalhadores formais e informais que enfrentam diariamente: A adoção caótica de dezenas de SaaS (Slack, Teams, Asana, Zoom) destruiu as fronteiras entre trabalho e descanso. Eles estão presos em processos manuais, caros ou injustos sem alternativa tecnológica acessível. Nossa solução foi desenhada especificamente para resolver essa dor com velocidade, segurança e custo.","Problema real e urgente: A adoção caótica de dezenas de SaaS (Slack, Teams, Asana, Zoom) destruiu as fronteiras entre trabalho e descanso. Isso custa bilhões ao ano e afeta milhões de pessoas sem solução tecnológica hoje. O tempo de agir é agora.","O usuário acessa via app ou API. Nossa solução usa IA generativa para O excesso de notificações simultâneas fragmenta a atenção, corrói o foco profundo e exaure os trabalhadores sob a falsa promessa de produtividade. O resultado: processo automatizado, auditável e escalonável — entregando valor em minutos, não semanas.","[0-10s] Sabia que milhões de trabalhadores formais e informais perdem dinheiro todos os dias por causa de um sistema travado no século passado?

[10-22s] O problema é real: A adoção caótica de dezenas de SaaS (Slack, Teams, Asana, Zoom) destruiu as fronteiras. Eles tentam resolver com planilhas, intermediários e processos manuais. Não funciona.

[22-35s] Criamos WorkFlow Balance — Startup que resolve fadiga ferramentas burnout modelo para trabalhadores formais e informais com IA e dados. Transforma um processo caro e travado em solução digital, acessível e escalável. Nossa tecnologia: O excesso de notificações simultâneas fragmenta a atenção, corrói o foco profundo e.

[35-47s] Já validamos com usuários reais. Os primeiros testes mostram redução de custo e tempo em mais de 60%. O mercado existe, a dor é urgente, a tração começa agora.

[47-60s] O Red Bull Basement é o trampolim que faltava. Com esse apoio, escalamos o MVP, chegamos a mil usuários em 90 dias e mostramos ao mundo que inovação real resolve dores reais."
"19","Vulnerabilidade Crítica de Startups Baseadas Apenas em Funcionalidade de IA","Startup que resolve vulnerabilidade crítica startups baseadas para empresas de médio porte e corporações com plataforma B2B SaaS. Transforma um processo caro e travado em solução digital, acessível e escalável.","Nossos clientes são empresas de médio porte e corporações que enfrentam diariamente: Um volume insano de capital foi aportado em empresas ""wrapper"" (que apenas envelopam o ChatGPT) e que perdem todo seu diferencial em semanas. Eles estão presos em processos manuais, caros ou injustos sem alternativa tecnológica acessível. Nossa solução foi desenhada especificamente para resolver essa dor com.","1) Um volume insano de capital foi aportado em empresas ""wrapper"" (que apenas envelopam o ChatGPT) e que perdem todo seu. 2) Como os LLMs melhoram vorazmente, eles fagocitam soluções inteiras da noite para o dia, esmagando fundadores. 3) Sem solução tecnológica adequada hoje, o custo humano e financeiro cresce exponencialmente — e o mercado ainda opera no modo analógico.","O usuário acessa via app ou API. Nossa solução usa IA generativa para Como os LLMs melhoram vorazmente, eles fagocitam soluções inteiras da noite para o dia, esmagando fundadores inexperientes. Oportunidade: negócios. O resultado: processo automatizado, auditável e escalonável — entregando valor em minutos, não semanas.","StackGuard Pro","Startup que resolve vulnerabilidade crítica startups baseadas para empresas de médio porte e corporações com plataforma B2B SaaS","Nossos clientes são empresas de médio porte e corporações que enfrentam diariamente: Um volume insano de capital foi aportado em empresas ""wrapper"" (que apenas envelopam o ChatGPT) e que perdem todo seu diferencial em semanas. Eles estão presos em processos manuais, caros ou injustos sem alternativa tecnológica acessível. Nossa solução foi desenhada especificamente para resolver essa dor com.","Problema real e urgente: Um volume insano de capital foi aportado em empresas ""wrapper"" (que apenas envelopam o ChatGPT) e que perdem todo seu diferencial em semanas. Isso custa bilhões ao ano e afeta milhões de pessoas sem solução tecnológica hoje. O tempo de agir é agora.","O usuário acessa via app ou API. Nossa solução usa IA generativa para Como os LLMs melhoram vorazmente, eles fagocitam soluções inteiras da noite para o dia, esmagando fundadores inexperientes. Oportunidade: negócios. O resultado: processo automatizado, auditável e escalonável — entregando valor em minutos, não semanas.","[0-10s] Sabia que milhões de empresas de médio porte e corporações perdem dinheiro todos os dias por causa de um sistema travado no século passado?

[10-22s] O problema é real: Um volume insano de capital foi aportado em empresas ""wrapper"" (que apenas envelopam o. Eles tentam resolver com planilhas, intermediários e processos manuais. Não funciona.

[22-35s] Criamos StackGuard Pro — Startup que resolve vulnerabilidade crítica startups baseadas para empresas de médio porte e corporações com plataforma B2B SaaS. Transforma um processo caro e travado em solução digital, acessível e escalável. Nossa tecnologia: Como os LLMs melhoram vorazmente, eles fagocitam soluções inteiras da noite para o dia.

[35-47s] Já validamos com usuários reais. Os primeiros testes mostram redução de custo e tempo em mais de 60%. O mercado existe, a dor é urgente, a tração começa agora.

[47-60s] O Red Bull Basement é o trampolim que faltava. Com esse apoio, escalamos o MVP, chegamos a mil usuários em 90 dias e mostramos ao mundo que inovação real resolve dores reais."
"20","Conflitos entre mineração e segurança hídrica regional","Startup que resolve conflitos entre mineração segurança para empreendedores, startups e empresas inovadoras com IA e análise de dados. Transforma um processo caro e travado em solução digital, acessível e escalável.","Nossos clientes são empreendedores, startups e empresas inovadoras que enfrentam diariamente: Expansão da mineração em regiões de estresse hídrico agrava disputas por água entre setores produtivos e populações locais. Eles estão presos em processos manuais, caros ou injustos sem alternativa tecnológica acessível. Nossa solução foi desenhada especificamente para resolver essa dor com velocidade.","1) Expansão da mineração em regiões de estresse hídrico agrava disputas por água entre setores produtivos e populações. 2) Processos de extração e beneficiamento consomem grandes quantidades de água e podem contaminar bacias inteiras; em. 3) Sem solução tecnológica adequada hoje, o custo humano e financeiro cresce exponencialmente — e o mercado ainda opera no modo analógico.","O usuário acessa via app ou API. Nossa solução usa IA e análise de dados para Processos de extração e beneficiamento consomem grandes quantidades de água e podem contaminar bacias inteiras; em contextos de seca recorrente, o. O resultado: processo automatizado, auditável e escalonável — entregando valor em minutos, não semanas.","AquaMine Monitor","Startup que resolve conflitos entre mineração segurança para empreendedores, startups e empresas inovadoras com IA e análise de dados","Nossos clientes são empreendedores, startups e empresas inovadoras que enfrentam diariamente: Expansão da mineração em regiões de estresse hídrico agrava disputas por água entre setores produtivos e populações locais. Eles estão presos em processos manuais, caros ou injustos sem alternativa tecnológica acessível. Nossa solução foi desenhada especificamente para resolver essa dor com velocidade.","Problema real e urgente: Expansão da mineração em regiões de estresse hídrico agrava disputas por água entre setores produtivos e populações locais. Isso custa bilhões ao ano e afeta milhões de pessoas sem solução tecnológica hoje. O tempo de agir é agora.","O usuário acessa via app ou API. Nossa solução usa IA e análise de dados para Processos de extração e beneficiamento consomem grandes quantidades de água e podem contaminar bacias inteiras; em contextos de seca recorrente, o. O resultado: processo automatizado, auditável e escalonável — entregando valor em minutos, não semanas.","[0-10s] Sabia que milhões de empreendedores, startups e empresas inovadoras perdem dinheiro todos os dias por causa de um sistema travado no século passado?

[10-22s] O problema é real: Expansão da mineração em regiões de estresse hídrico agrava disputas por água entre. Eles tentam resolver com planilhas, intermediários e processos manuais. Não funciona.

[22-35s] Criamos AquaMine Monitor — Startup que resolve conflitos entre mineração segurança para empreendedores, startups e empresas inovadoras com IA e análise de dados. Transforma um processo caro e travado em solução digital, acessível e escalável. Nossa tecnologia: Processos de extração e beneficiamento consomem grandes quantidades de água e podem.

[35-47s] Já validamos com usuários reais. Os primeiros testes mostram redução de custo e tempo em mais de 60%. O mercado existe, a dor é urgente, a tração começa agora.

[47-60s] O Red Bull Basement é o trampolim que faltava. Com esse apoio, escalamos o MVP, chegamos a mil usuários em 90 dias e mostramos ao mundo que inovação real resolve dores reais."
"21","Sufocamento Produtivo Pelos Longos Ciclos de Transição de Solo Degradado","Startup que resolve sufocamento produtivo pelos longos para empreendedores, startups e empresas inovadoras com IA e dados. Transforma um processo caro e travado em solução digital, acessível e escalável.","Nossos clientes são empreendedores, startups e empresas inovadoras que enfrentam diariamente: Fazendeiros que querem parar de usar química suicida precisam de 3 a 5 anos curando a terra; mas nesse período, a produção despenca brutalmente e o banco corta as linhas de. Eles estão presos em processos manuais, caros ou injustos sem alternativa tecnológica acessível. Nossa solução foi desenhada.","1) Fazendeiros que querem parar de usar química suicida precisam de 3 a 5 anos curando a terra; mas nesse período, a. 2) A transição ESG é o suicídio econômico de curto prazo do produtor de carne e grão. Oportunidade: fundos de ""Venture. 3) Sem solução tecnológica adequada hoje, o custo humano e financeiro cresce exponencialmente — e o mercado ainda opera no modo analógico.","O usuário acessa via app ou API. Nossa solução usa IA generativa para A transição ESG é o suicídio econômico de curto prazo do produtor de carne e grão. Oportunidade: fundos de ""Venture Agro"" (Transition Finance). O resultado: processo automatizado, auditável e escalonável — entregando valor em minutos, não semanas.","Produtivo IA","Startup que resolve sufocamento produtivo pelos longos para empreendedores, startups e empresas inovadoras com IA e dados","Nossos clientes são empreendedores, startups e empresas inovadoras que enfrentam diariamente: Fazendeiros que querem parar de usar química suicida precisam de 3 a 5 anos curando a terra; mas nesse período, a produção despenca brutalmente e o banco corta as linhas de. Eles estão presos em processos manuais, caros ou injustos sem alternativa tecnológica acessível. Nossa solução foi desenhada.","Problema real e urgente: Fazendeiros que querem parar de usar química suicida precisam de 3 a 5 anos curando a terra; mas nesse período, a produção despenca brutalmente e o. Isso custa bilhões ao ano e afeta milhões de pessoas sem solução tecnológica hoje. O tempo de agir é agora.","O usuário acessa via app ou API. Nossa solução usa IA generativa para A transição ESG é o suicídio econômico de curto prazo do produtor de carne e grão. Oportunidade: fundos de ""Venture Agro"" (Transition Finance). O resultado: processo automatizado, auditável e escalonável — entregando valor em minutos, não semanas.","[0-10s] Sabia que milhões de empreendedores, startups e empresas inovadoras perdem dinheiro todos os dias por causa de um sistema travado no século passado?

[10-22s] O problema é real: Fazendeiros que querem parar de usar química suicida precisam de 3 a 5 anos curando a. Eles tentam resolver com planilhas, intermediários e processos manuais. Não funciona.

[22-35s] Criamos Produtivo IA — Startup que resolve sufocamento produtivo pelos longos para empreendedores, startups e empresas inovadoras com IA e dados. Transforma um processo caro e travado em solução digital, acessível e escalável. Nossa tecnologia: A transição ESG é o suicídio econômico de curto prazo do produtor de carne e grão.

[35-47s] Já validamos com usuários reais. Os primeiros testes mostram redução de custo e tempo em mais de 60%. O mercado existe, a dor é urgente, a tração começa agora.

[47-60s] O Red Bull Basement é o trampolim que faltava. Com esse apoio, escalamos o MVP, chegamos a mil usuários em 90 dias e mostramos ao mundo que inovação real resolve dores reais."
"22","Exclusão Digital e Isolamento Bancário do Idoso","Startup que resolve exclusão digital isolamento bancário para idosos acima de 60 anos com fintech. Transforma um processo caro e travado em solução digital, acessível e escalável.","Nossos clientes são idosos acima de 60 anos que enfrentam diariamente: A corrida para digitalizar governos e bancos exclui milhões de idosos sem letramento tecnológico ou destreza motora para apps complexos. Eles estão presos em processos manuais, caros ou injustos sem alternativa tecnológica acessível. Nossa solução foi desenhada especificamente para resolver essa dor com velocidade, segurança e.","1) A corrida para digitalizar governos e bancos exclui milhões de idosos sem letramento tecnológico ou destreza motora. 2) Ao matar agências físicas e impor senhas algorítmicas, a sociedade rouba a autonomia financeira e a dignidade civil dos. 3) Sem solução tecnológica adequada hoje, o custo humano e financeiro cresce exponencialmente — e o mercado ainda opera no modo analógico.","O usuário acessa via app ou API. Nossa solução usa IA generativa para Ao matar agências físicas e impor senhas algorítmicas, a sociedade rouba a autonomia financeira e a dignidade civil dos mais velhos. Oportunidade. O resultado: processo automatizado, auditável e escalonável — entregando valor em minutos, não semanas.","SilverBank IA","Startup que resolve exclusão digital isolamento bancário para idosos acima de 60 anos com fintech","Nossos clientes são idosos acima de 60 anos que enfrentam diariamente: A corrida para digitalizar governos e bancos exclui milhões de idosos sem letramento tecnológico ou destreza motora para apps complexos. Eles estão presos em processos manuais, caros ou injustos sem alternativa tecnológica acessível. Nossa solução foi desenhada especificamente para resolver essa dor com velocidade, segurança e.","Problema real e urgente: A corrida para digitalizar governos e bancos exclui milhões de idosos sem letramento tecnológico ou destreza motora para apps complexos. Isso custa bilhões ao ano e afeta milhões de pessoas sem solução tecnológica hoje. O tempo de agir é agora.","O usuário acessa via app ou API. Nossa solução usa IA generativa para Ao matar agências físicas e impor senhas algorítmicas, a sociedade rouba a autonomia financeira e a dignidade civil dos mais velhos. Oportunidade. O resultado: processo automatizado, auditável e escalonável — entregando valor em minutos, não semanas.","[0-10s] Sabia que milhões de idosos acima de 60 anos perdem dinheiro todos os dias por causa de um sistema travado no século passado?

[10-22s] O problema é real: A corrida para digitalizar governos e bancos exclui milhões de idosos sem letramento. Eles tentam resolver com planilhas, intermediários e processos manuais. Não funciona.

[22-35s] Criamos SilverBank IA — Startup que resolve exclusão digital isolamento bancário para idosos acima de 60 anos com fintech. Transforma um processo caro e travado em solução digital, acessível e escalável. Nossa tecnologia: Ao matar agências físicas e impor senhas algorítmicas, a sociedade rouba a autonomia.

[35-47s] Já validamos com usuários reais. Os primeiros testes mostram redução de custo e tempo em mais de 60%. O mercado existe, a dor é urgente, a tração começa agora.

[47-60s] O Red Bull Basement é o trampolim que faltava. Com esse apoio, escalamos o MVP, chegamos a mil usuários em 90 dias e mostramos ao mundo que inovação real resolve dores reais."
"23","O Custo Oculto da Terceirização da Saúde Mental Corporativa","Startup que resolve custo oculto terceirização saúde para empresas de médio porte e corporações com IA e dados. Transforma um processo caro e travado em solução digital, acessível e escalável.","Nossos clientes são empresas de médio porte e corporações que enfrentam diariamente: Empresas dão assinaturas de apps de terapia genéricos para limpar a própria culpa por culturas de metas tóxicas; a ferramenta não diminui o burnout porque o problema é ambiental. Eles estão presos em processos manuais, caros ou injustos sem alternativa tecnológica acessível. Nossa solução foi desenhada.","1) Empresas dão assinaturas de apps de terapia genéricos para limpar a própria culpa por culturas de metas tóxicas; a. 2) A terapia isolada não resolve um modelo de negócios moedor de carne. Oportunidade: healthtechs de auditoria. 3) Sem solução tecnológica adequada hoje, o custo humano e financeiro cresce exponencialmente — e o mercado ainda opera no modo analógico.","O usuário acessa via app ou API. Nossa solução usa IA generativa para A terapia isolada não resolve um modelo de negócios moedor de carne. Oportunidade: healthtechs de auditoria organizacional, agindo sobre o Redesign. O resultado: processo automatizado, auditável e escalonável — entregando valor em minutos, não semanas.","MindCare Corp","Startup que resolve custo oculto terceirização saúde para empresas de médio porte e corporações com IA e dados","Nossos clientes são empresas de médio porte e corporações que enfrentam diariamente: Empresas dão assinaturas de apps de terapia genéricos para limpar a própria culpa por culturas de metas tóxicas; a ferramenta não diminui o burnout porque o problema é ambiental. Eles estão presos em processos manuais, caros ou injustos sem alternativa tecnológica acessível. Nossa solução foi desenhada.","Problema real e urgente: Empresas dão assinaturas de apps de terapia genéricos para limpar a própria culpa por culturas de metas tóxicas; a ferramenta não diminui o burnout. Isso custa bilhões ao ano e afeta milhões de pessoas sem solução tecnológica hoje. O tempo de agir é agora.","O usuário acessa via app ou API. Nossa solução usa IA generativa para A terapia isolada não resolve um modelo de negócios moedor de carne. Oportunidade: healthtechs de auditoria organizacional, agindo sobre o Redesign. O resultado: processo automatizado, auditável e escalonável — entregando valor em minutos, não semanas.","[0-10s] Sabia que milhões de empresas de médio porte e corporações perdem dinheiro todos os dias por causa de um sistema travado no século passado?

[10-22s] O problema é real: Empresas dão assinaturas de apps de terapia genéricos para limpar a própria culpa por. Eles tentam resolver com planilhas, intermediários e processos manuais. Não funciona.

[22-35s] Criamos MindCare Corp — Startup que resolve custo oculto terceirização saúde para empresas de médio porte e corporações com IA e dados. Transforma um processo caro e travado em solução digital, acessível e escalável. Nossa tecnologia: A terapia isolada não resolve um modelo de negócios moedor de carne. Oportunidade.

[35-47s] Já validamos com usuários reais. Os primeiros testes mostram redução de custo e tempo em mais de 60%. O mercado existe, a dor é urgente, a tração começa agora.

[47-60s] O Red Bull Basement é o trampolim que faltava. Com esse apoio, escalamos o MVP, chegamos a mil usuários em 90 dias e mostramos ao mundo que inovação real resolve dores reais."
"24","O Choque entre Agentes de IA e o Labirinto do Licenciamento Ambiental","Startup que resolve choque entre agentes ia para empreendedores, startups e empresas inovadoras com IA e dados. Transforma um processo caro e travado em solução digital, acessível e escalável.","Nossos clientes são empreendedores, startups e empresas inovadoras que enfrentam diariamente: IAs são usadas para desenhar plantas de usinas solares em segundos, mas esbarram na lentidão extrema de órgãos como o IBAMA, cujos processos analógicos e manuais travam a. Eles estão presos em processos manuais, caros ou injustos sem alternativa tecnológica acessível. Nossa solução foi desenhada.","1) IAs são usadas para desenhar plantas de usinas solares em segundos, mas esbarram na lentidão extrema de órgãos como o. 2) A máquina voa, a burocracia estatal brasileira arrasta; o capital foge do país pela fricção documental. Oportunidade. 3) Sem solução tecnológica adequada hoje, o custo humano e financeiro cresce exponencialmente — e o mercado ainda opera no modo analógico.","O usuário acessa via app ou API. Nossa solução usa IA generativa para A máquina voa, a burocracia estatal brasileira arrasta; o capital foge do país pela fricção documental. Oportunidade: LawTechs e GovTechs criando. O resultado: processo automatizado, auditável e escalonável — entregando valor em minutos, não semanas.","AgentLegal IA","Startup que resolve choque entre agentes ia para empreendedores, startups e empresas inovadoras com IA e dados","Nossos clientes são empreendedores, startups e empresas inovadoras que enfrentam diariamente: IAs são usadas para desenhar plantas de usinas solares em segundos, mas esbarram na lentidão extrema de órgãos como o IBAMA, cujos processos analógicos e manuais travam a. Eles estão presos em processos manuais, caros ou injustos sem alternativa tecnológica acessível. Nossa solução foi desenhada.","Problema real e urgente: IAs são usadas para desenhar plantas de usinas solares em segundos, mas esbarram na lentidão extrema de órgãos como o IBAMA, cujos processos. Isso custa bilhões ao ano e afeta milhões de pessoas sem solução tecnológica hoje. O tempo de agir é agora.","O usuário acessa via app ou API. Nossa solução usa IA generativa para A máquina voa, a burocracia estatal brasileira arrasta; o capital foge do país pela fricção documental. Oportunidade: LawTechs e GovTechs criando. O resultado: processo automatizado, auditável e escalonável — entregando valor em minutos, não semanas.","[0-10s] Sabia que milhões de empreendedores, startups e empresas inovadoras perdem dinheiro todos os dias por causa de um sistema travado no século passado?

[10-22s] O problema é real: IAs são usadas para desenhar plantas de usinas solares em segundos, mas esbarram na. Eles tentam resolver com planilhas, intermediários e processos manuais. Não funciona.

[22-35s] Criamos AgentLegal IA — Startup que resolve choque entre agentes ia para empreendedores, startups e empresas inovadoras com IA e dados. Transforma um processo caro e travado em solução digital, acessível e escalável. Nossa tecnologia: A máquina voa, a burocracia estatal brasileira arrasta; o capital foge do país pela.

[35-47s] Já validamos com usuários reais. Os primeiros testes mostram redução de custo e tempo em mais de 60%. O mercado existe, a dor é urgente, a tração começa agora.

[47-60s] O Red Bull Basement é o trampolim que faltava. Com esse apoio, escalamos o MVP, chegamos a mil usuários em 90 dias e mostramos ao mundo que inovação real resolve dores reais."
"25","Crédito Punitivo Bloqueando Imigrantes e Profissionais Livres","Startup que resolve crédito punitivo bloqueando imigrantes para imigrantes e trabalhadores sem histórico de crédito formal com IA e dados. Transforma um processo caro e travado em solução digital, acessível e escalável.","Nossos clientes são imigrantes e trabalhadores sem histórico de crédito formal que enfrentam diariamente: Fintechs se apoiam em histórico de crédito formal nacional. Trabalhadores nômades, imigrantes e freelancers do gig economy ficam sem acesso a taxas de hipoteca dignas. Eles estão presos em processos manuais, caros ou injustos sem alternativa tecnológica acessível. Nossa solução foi desenhada.","1) Fintechs se apoiam em histórico de crédito formal nacional. Trabalhadores nômades, imigrantes e freelancers do gig. 2) Eles têm fluxo de caixa vivo, mas a burocracia do sistema os classifica como invisíveis de alto risco. Oportunidade. 3) Sem solução tecnológica adequada hoje, o custo humano e financeiro cresce exponencialmente — e o mercado ainda opera no modo analógico.","O usuário acessa via app ou API. Nossa solução usa IA generativa para Eles têm fluxo de caixa vivo, mas a burocracia do sistema os classifica como invisíveis de alto risco. Oportunidade: ferramentas Open Finance que. O resultado: processo automatizado, auditável e escalonável — entregando valor em minutos, não semanas.","FairCredit IA","Startup que resolve crédito punitivo bloqueando imigrantes para imigrantes e trabalhadores sem histórico de crédito formal com IA e dados","Nossos clientes são imigrantes e trabalhadores sem histórico de crédito formal que enfrentam diariamente: Fintechs se apoiam em histórico de crédito formal nacional. Trabalhadores nômades, imigrantes e freelancers do gig economy ficam sem acesso a taxas de hipoteca dignas. Eles estão presos em processos manuais, caros ou injustos sem alternativa tecnológica acessível. Nossa solução foi desenhada.","Problema real e urgente: Fintechs se apoiam em histórico de crédito formal nacional. Trabalhadores nômades, imigrantes e freelancers do gig economy ficam sem acesso a taxas. Isso custa bilhões ao ano e afeta milhões de pessoas sem solução tecnológica hoje. O tempo de agir é agora.","O usuário acessa via app ou API. Nossa solução usa IA generativa para Eles têm fluxo de caixa vivo, mas a burocracia do sistema os classifica como invisíveis de alto risco. Oportunidade: ferramentas Open Finance que. O resultado: processo automatizado, auditável e escalonável — entregando valor em minutos, não semanas.","[0-10s] Sabia que milhões de imigrantes e trabalhadores sem histórico de crédito formal perdem dinheiro todos os dias por causa de um sistema travado no século passado?

[10-22s] O problema é real: Fintechs se apoiam em histórico de crédito formal nacional. Trabalhadores nômades. Eles tentam resolver com planilhas, intermediários e processos manuais. Não funciona.

[22-35s] Criamos FairCredit IA — Startup que resolve crédito punitivo bloqueando imigrantes para imigrantes e trabalhadores sem histórico de crédito formal com IA e dados. Transforma um processo caro e travado em solução digital, acessível e escalável. Nossa tecnologia: Eles têm fluxo de caixa vivo, mas a burocracia do sistema os classifica como invisíveis.

[35-47s] Já validamos com usuários reais. Os primeiros testes mostram redução de custo e tempo em mais de 60%. O mercado existe, a dor é urgente, a tração começa agora.

[47-60s] O Red Bull Basement é o trampolim que faltava. Com esse apoio, escalamos o MVP, chegamos a mil usuários em 90 dias e mostramos ao mundo que inovação real resolve dores reais."
"26","A Obsolescência Silenciosa do Software Legado Empresarial (""Boring Tech"")","Startup que resolve obsolescência silenciosa software legado para empreendedores, startups e empresas inovadoras com IA e análise de dados. Transforma um processo caro e travado em solução digital, acessível e escalável.","Nossos clientes são empreendedores, startups e empresas inovadoras que enfrentam diariamente: Trilhões de dólares giram em hospitais e portos em sistemas COBOL de 1990. Eles não podem ser desligados, mas ninguém mais sabe consertá-los. Eles estão presos em processos manuais, caros ou injustos sem alternativa tecnológica acessível. Nossa solução foi desenhada especificamente para resolver essa dor.","1) Trilhões de dólares giram em hospitais e portos em sistemas COBOL de 1990. Eles não podem ser desligados, mas ninguém. 2) Uma falha no software legado paralisa os aviões ou os pagamentos. Oportunidade: LLMs hiper-treinados em linguagens. 3) Sem solução tecnológica adequada hoje, o custo humano e financeiro cresce exponencialmente — e o mercado ainda opera no modo analógico.","O usuário acessa via app ou API. Nossa solução usa análise de dados em tempo real para Uma falha no software legado paralisa os aviões ou os pagamentos. Oportunidade: LLMs hiper-treinados em linguagens mortas (Legacy Code) usados para. O resultado: processo automatizado, auditável e escalonável — entregando valor em minutos, não semanas.","LegacyMigrate IA","Startup que resolve obsolescência silenciosa software legado para empreendedores, startups e empresas inovadoras com IA e análise de dados","Nossos clientes são empreendedores, startups e empresas inovadoras que enfrentam diariamente: Trilhões de dólares giram em hospitais e portos em sistemas COBOL de 1990. Eles não podem ser desligados, mas ninguém mais sabe consertá-los. Eles estão presos em processos manuais, caros ou injustos sem alternativa tecnológica acessível. Nossa solução foi desenhada especificamente para resolver essa dor.","Problema real e urgente: Trilhões de dólares giram em hospitais e portos em sistemas COBOL de 1990. Eles não podem ser desligados, mas ninguém mais sabe consertá-los. Isso custa bilhões ao ano e afeta milhões de pessoas sem solução tecnológica hoje. O tempo de agir é agora.","O usuário acessa via app ou API. Nossa solução usa análise de dados em tempo real para Uma falha no software legado paralisa os aviões ou os pagamentos. Oportunidade: LLMs hiper-treinados em linguagens mortas (Legacy Code) usados para. O resultado: processo automatizado, auditável e escalonável — entregando valor em minutos, não semanas.","[0-10s] Sabia que milhões de empreendedores, startups e empresas inovadoras perdem dinheiro todos os dias por causa de um sistema travado no século passado?

[10-22s] O problema é real: Trilhões de dólares giram em hospitais e portos em sistemas COBOL de 1990. Eles não podem. Eles tentam resolver com planilhas, intermediários e processos manuais. Não funciona.

[22-35s] Criamos LegacyMigrate IA — Startup que resolve obsolescência silenciosa software legado para empreendedores, startups e empresas inovadoras com IA e análise de dados. Transforma um processo caro e travado em solução digital, acessível e escalável. Nossa tecnologia: Uma falha no software legado paralisa os aviões ou os pagamentos. Oportunidade: LLMs.

[35-47s] Já validamos com usuários reais. Os primeiros testes mostram redução de custo e tempo em mais de 60%. O mercado existe, a dor é urgente, a tração começa agora.

[47-60s] O Red Bull Basement é o trampolim que faltava. Com esse apoio, escalamos o MVP, chegamos a mil usuários em 90 dias e mostramos ao mundo que inovação real resolve dores reais."
"27","Estrangulamento Hidrológico da Matriz Energética","Startup que resolve estrangulamento hidrológico matriz energética para empreendedores, startups e empresas inovadoras com IA e análise de dados. Transforma um processo caro e travado em solução digital, acessível e escalável.","Nossos clientes são empreendedores, startups e empresas inovadoras que enfrentam diariamente: Sistemas dependentes de hidrelétricas entram em colapso devido a secas severas e mudanças no regime de chuvas. Eles estão presos em processos manuais, caros ou injustos sem alternativa tecnológica acessível. Nossa solução foi desenhada especificamente para resolver essa dor com velocidade, segurança e.","1) Sistemas dependentes de hidrelétricas entram em colapso devido a secas severas e mudanças no regime de chuvas. 2) Anos de ""La Niña"" ou secas regionais forçam o acionamento de térmicas caras, gerando inflação em cascata. Oportunidade. 3) Sem solução tecnológica adequada hoje, o custo humano e financeiro cresce exponencialmente — e o mercado ainda opera no modo analógico.","O usuário acessa via app ou API. Nossa solução usa IA e análise de dados para Anos de ""La Niña"" ou secas regionais forçam o acionamento de térmicas caras, gerando inflação em cascata. Oportunidade: plataformas de simulação. O resultado: processo automatizado, auditável e escalonável — entregando valor em minutos, não semanas.","HydroForecast IA","Startup que resolve estrangulamento hidrológico matriz energética para empreendedores, startups e empresas inovadoras com IA e análise de dados","Nossos clientes são empreendedores, startups e empresas inovadoras que enfrentam diariamente: Sistemas dependentes de hidrelétricas entram em colapso devido a secas severas e mudanças no regime de chuvas. Eles estão presos em processos manuais, caros ou injustos sem alternativa tecnológica acessível. Nossa solução foi desenhada especificamente para resolver essa dor com velocidade, segurança e.","Problema real e urgente: Sistemas dependentes de hidrelétricas entram em colapso devido a secas severas e mudanças no regime de chuvas. Isso custa bilhões ao ano e afeta milhões de pessoas sem solução tecnológica hoje. O tempo de agir é agora.","O usuário acessa via app ou API. Nossa solução usa IA e análise de dados para Anos de ""La Niña"" ou secas regionais forçam o acionamento de térmicas caras, gerando inflação em cascata. Oportunidade: plataformas de simulação. O resultado: processo automatizado, auditável e escalonável — entregando valor em minutos, não semanas.","[0-10s] Sabia que milhões de empreendedores, startups e empresas inovadoras perdem dinheiro todos os dias por causa de um sistema travado no século passado?

[10-22s] O problema é real: Sistemas dependentes de hidrelétricas entram em colapso devido a secas severas e mudanças. Eles tentam resolver com planilhas, intermediários e processos manuais. Não funciona.

[22-35s] Criamos HydroForecast IA — Startup que resolve estrangulamento hidrológico matriz energética para empreendedores, startups e empresas inovadoras com IA e análise de dados. Transforma um processo caro e travado em solução digital, acessível e escalável. Nossa tecnologia: Anos de ""La Niña"" ou secas regionais forçam o acionamento de térmicas caras, gerando.

[35-47s] Já validamos com usuários reais. Os primeiros testes mostram redução de custo e tempo em mais de 60%. O mercado existe, a dor é urgente, a tração começa agora.

[47-60s] O Red Bull Basement é o trampolim que faltava. Com esse apoio, escalamos o MVP, chegamos a mil usuários em 90 dias e mostramos ao mundo que inovação real resolve dores reais."
"28","O Caos do Licenciamento e Compliance para o Solopreneur Global","Startup que resolve caos licenciamento compliance solopreneur para empreendedores e donos de pequenos negócios com IA e dados. Transforma um processo caro e travado em solução digital, acessível e escalável.","Nossos clientes são empreendedores e donos de pequenos negócios que enfrentam diariamente: O empreendedor de uma pessoa só (que usa Agentes) não tem estrutura contábil para entender o IVA europeu, a LGPD e o IRS americano ao vender um app. Eles estão presos em processos manuais, caros ou injustos sem alternativa tecnológica acessível. Nossa solução foi desenhada especificamente para resolver essa.","1) O empreendedor de uma pessoa só (que usa Agentes) não tem estrutura contábil para entender o IVA europeu, a LGPD e o. 2) A burocracia trata cada desenvolvedor como se fosse a Microsoft. Oportunidade: Contabilidade AI-Native. 3) Sem solução tecnológica adequada hoje, o custo humano e financeiro cresce exponencialmente — e o mercado ainda opera no modo analógico.","O usuário acessa via app ou API. Nossa solução usa IA generativa para A burocracia trata cada desenvolvedor como se fosse a Microsoft. Oportunidade: Contabilidade AI-Native (Accounting-as-a-Service), que abre firmas. O resultado: processo automatizado, auditável e escalonável — entregando valor em minutos, não semanas.","ComplianceBot IA","Startup que resolve caos licenciamento compliance solopreneur para empreendedores e donos de pequenos negócios com IA e dados","Nossos clientes são empreendedores e donos de pequenos negócios que enfrentam diariamente: O empreendedor de uma pessoa só (que usa Agentes) não tem estrutura contábil para entender o IVA europeu, a LGPD e o IRS americano ao vender um app. Eles estão presos em processos manuais, caros ou injustos sem alternativa tecnológica acessível. Nossa solução foi desenhada especificamente para resolver essa.","Problema real e urgente: O empreendedor de uma pessoa só (que usa Agentes) não tem estrutura contábil para entender o IVA europeu, a LGPD e o IRS americano ao vender um app. Isso custa bilhões ao ano e afeta milhões de pessoas sem solução tecnológica hoje. O tempo de agir é agora.","O usuário acessa via app ou API. Nossa solução usa IA generativa para A burocracia trata cada desenvolvedor como se fosse a Microsoft. Oportunidade: Contabilidade AI-Native (Accounting-as-a-Service), que abre firmas. O resultado: processo automatizado, auditável e escalonável — entregando valor em minutos, não semanas.","[0-10s] Sabia que milhões de empreendedores e donos de pequenos negócios perdem dinheiro todos os dias por causa de um sistema travado no século passado?

[10-22s] O problema é real: O empreendedor de uma pessoa só (que usa Agentes) não tem estrutura contábil para. Eles tentam resolver com planilhas, intermediários e processos manuais. Não funciona.

[22-35s] Criamos ComplianceBot IA — Startup que resolve caos licenciamento compliance solopreneur para empreendedores e donos de pequenos negócios com IA e dados. Transforma um processo caro e travado em solução digital, acessível e escalável. Nossa tecnologia: A burocracia trata cada desenvolvedor como se fosse a Microsoft. Oportunidade.

[35-47s] Já validamos com usuários reais. Os primeiros testes mostram redução de custo e tempo em mais de 60%. O mercado existe, a dor é urgente, a tração começa agora.

[47-60s] O Red Bull Basement é o trampolim que faltava. Com esse apoio, escalamos o MVP, chegamos a mil usuários em 90 dias e mostramos ao mundo que inovação real resolve dores reais."
"29","A Falsa Personalização dos Modelos D2C Corporativos no Setor Capilar","Startup que resolve falsa personalização modelos d2c para empresas de médio porte e corporações com IA e dados. Transforma um processo caro e travado em solução digital, acessível e escalável.","Nossos clientes são empresas de médio porte e corporações que enfrentam diariamente: A indústria cosmética vendeu que xampus e cremes eram 'únicos por IA', mas envia a mesma mistura química barata usando rótulos diferentes atrelados a quizzes bobos de marketing. Eles estão presos em processos manuais, caros ou injustos sem alternativa tecnológica acessível. Nossa solução foi desenhada.","1) A indústria cosmética vendeu que xampus e cremes eram 'únicos por IA', mas envia a mesma mistura química barata usando. 2) O consumidor detectou a farsa do questionário da saúde cosmética e boicota essas empresas buscando fórmulas rústicas. 3) Sem solução tecnológica adequada hoje, o custo humano e financeiro cresce exponencialmente — e o mercado ainda opera no modo analógico.","O usuário acessa via app ou API. Nossa solução usa IA generativa para O consumidor detectou a farsa do questionário da saúde cosmética e boicota essas empresas buscando fórmulas rústicas extremas. Oportunidade. O resultado: processo automatizado, auditável e escalonável — entregando valor em minutos, não semanas.","TrueD2C IA","Startup que resolve falsa personalização modelos d2c para empresas de médio porte e corporações com IA e dados","Nossos clientes são empresas de médio porte e corporações que enfrentam diariamente: A indústria cosmética vendeu que xampus e cremes eram 'únicos por IA', mas envia a mesma mistura química barata usando rótulos diferentes atrelados a quizzes bobos de marketing. Eles estão presos em processos manuais, caros ou injustos sem alternativa tecnológica acessível. Nossa solução foi desenhada.","Problema real e urgente: A indústria cosmética vendeu que xampus e cremes eram 'únicos por IA', mas envia a mesma mistura química barata usando rótulos diferentes atrelados a. Isso custa bilhões ao ano e afeta milhões de pessoas sem solução tecnológica hoje. O tempo de agir é agora.","O usuário acessa via app ou API. Nossa solução usa IA generativa para O consumidor detectou a farsa do questionário da saúde cosmética e boicota essas empresas buscando fórmulas rústicas extremas. Oportunidade. O resultado: processo automatizado, auditável e escalonável — entregando valor em minutos, não semanas.","[0-10s] Sabia que milhões de empresas de médio porte e corporações perdem dinheiro todos os dias por causa de um sistema travado no século passado?

[10-22s] O problema é real: A indústria cosmética vendeu que xampus e cremes eram 'únicos por IA', mas envia a mesma. Eles tentam resolver com planilhas, intermediários e processos manuais. Não funciona.

[22-35s] Criamos TrueD2C IA — Startup que resolve falsa personalização modelos d2c para empresas de médio porte e corporações com IA e dados. Transforma um processo caro e travado em solução digital, acessível e escalável. Nossa tecnologia: O consumidor detectou a farsa do questionário da saúde cosmética e boicota essas empresas.

[35-47s] Já validamos com usuários reais. Os primeiros testes mostram redução de custo e tempo em mais de 60%. O mercado existe, a dor é urgente, a tração começa agora.

[47-60s] O Red Bull Basement é o trampolim que faltava. Com esse apoio, escalamos o MVP, chegamos a mil usuários em 90 dias e mostramos ao mundo que inovação real resolve dores reais."
"30","Caos de Compliance na Balcanização Regulatória","Startup que resolve caos compliance balcanização regulatória para empreendedores, startups e empresas inovadoras com agentes de IA autônomos. Transforma um processo caro e travado em solução digital, acessível e escalável.","Nossos clientes são empreendedores, startups e empresas inovadoras que enfrentam diariamente: Corporações enfrentam um pesadelo legal para cumprir regras divergentes de dados, clima e comércio na UE, EUA e Ásia. Eles estão presos em processos manuais, caros ou injustos sem alternativa tecnológica acessível. Nossa solução foi desenhada especificamente para resolver essa dor com velocidade.","1) Corporações enfrentam um pesadelo legal para cumprir regras divergentes de dados, clima e comércio na UE, EUA e Ásia. 2) A fratura da globalização gerou legislações conflitantes (ex: regulação de IA na Europa vs EUA), tornando a expansão. 3) Sem solução tecnológica adequada hoje, o custo humano e financeiro cresce exponencialmente — e o mercado ainda opera no modo analógico.","O usuário acessa via app ou API. Nossa solução usa IA generativa para A fratura da globalização gerou legislações conflitantes (ex: regulação de IA na Europa vs EUA), tornando a expansão internacional proibitiva. O resultado: processo automatizado, auditável e escalonável — entregando valor em minutos, não semanas.","RegTech Unified","Startup que resolve caos compliance balcanização regulatória para empreendedores, startups e empresas inovadoras com agentes de IA autônomos","Nossos clientes são empreendedores, startups e empresas inovadoras que enfrentam diariamente: Corporações enfrentam um pesadelo legal para cumprir regras divergentes de dados, clima e comércio na UE, EUA e Ásia. Eles estão presos em processos manuais, caros ou injustos sem alternativa tecnológica acessível. Nossa solução foi desenhada especificamente para resolver essa dor com velocidade.","Problema real e urgente: Corporações enfrentam um pesadelo legal para cumprir regras divergentes de dados, clima e comércio na UE, EUA e Ásia. Isso custa bilhões ao ano e afeta milhões de pessoas sem solução tecnológica hoje. O tempo de agir é agora.","O usuário acessa via app ou API. Nossa solução usa IA generativa para A fratura da globalização gerou legislações conflitantes (ex: regulação de IA na Europa vs EUA), tornando a expansão internacional proibitiva. O resultado: processo automatizado, auditável e escalonável — entregando valor em minutos, não semanas.","[0-10s] Sabia que milhões de empreendedores, startups e empresas inovadoras perdem dinheiro todos os dias por causa de um sistema travado no século passado?

[10-22s] O problema é real: Corporações enfrentam um pesadelo legal para cumprir regras divergentes de dados, clima e. Eles tentam resolver com planilhas, intermediários e processos manuais. Não funciona.

[22-35s] Criamos RegTech Unified — Startup que resolve caos compliance balcanização regulatória para empreendedores, startups e empresas inovadoras com agentes de IA autônomos. Transforma um processo caro e travado em solução digital, acessível e escalável. Nossa tecnologia: A fratura da globalização gerou legislações conflitantes (ex: regulação de IA na Europa.

[35-47s] Já validamos com usuários reais. Os primeiros testes mostram redução de custo e tempo em mais de 60%. O mercado existe, a dor é urgente, a tração começa agora.

[47-60s] O Red Bull Basement é o trampolim que faltava. Com esse apoio, escalamos o MVP, chegamos a mil usuários em 90 dias e mostramos ao mundo que inovação real resolve dores reais."
"31","Descompasso entre zoneamento de risco climático e crédito rural","Startup que resolve descompasso entre zoneamento risco para empreendedores, startups e empresas inovadoras com IA e análise de dados. Transforma um processo caro e travado em solução digital, acessível e escalável.","Nossos clientes são empreendedores, startups e empresas inovadoras que enfrentam diariamente: Ferramentas técnicas existem, mas nem sempre são incorporadas aos critérios de financiamento e seguro agrícola. Eles estão presos em processos manuais, caros ou injustos sem alternativa tecnológica acessível. Nossa solução foi desenhada especificamente para resolver essa dor com velocidade, segurança e.","1) Ferramentas técnicas existem, mas nem sempre são incorporadas aos critérios de financiamento e seguro agrícola. 2) Embora zoneamentos climáticos e modelos preditivos estejam disponíveis, parte das decisões de crédito e subsídio ainda. 3) Sem solução tecnológica adequada hoje, o custo humano e financeiro cresce exponencialmente — e o mercado ainda opera no modo analógico.","O usuário acessa via app ou API. Nossa solução usa modelos de IA treinados localmente para Embora zoneamentos climáticos e modelos preditivos estejam disponíveis, parte das decisões de crédito e subsídio ainda segue lógica política ou. O resultado: processo automatizado, auditável e escalonável — entregando valor em minutos, não semanas.","ZonaClima IA","Startup que resolve descompasso entre zoneamento risco para empreendedores, startups e empresas inovadoras com IA e análise de dados","Nossos clientes são empreendedores, startups e empresas inovadoras que enfrentam diariamente: Ferramentas técnicas existem, mas nem sempre são incorporadas aos critérios de financiamento e seguro agrícola. Eles estão presos em processos manuais, caros ou injustos sem alternativa tecnológica acessível. Nossa solução foi desenhada especificamente para resolver essa dor com velocidade, segurança e.","Problema real e urgente: Ferramentas técnicas existem, mas nem sempre são incorporadas aos critérios de financiamento e seguro agrícola. Isso custa bilhões ao ano e afeta milhões de pessoas sem solução tecnológica hoje. O tempo de agir é agora.","O usuário acessa via app ou API. Nossa solução usa modelos de IA treinados localmente para Embora zoneamentos climáticos e modelos preditivos estejam disponíveis, parte das decisões de crédito e subsídio ainda segue lógica política ou. O resultado: processo automatizado, auditável e escalonável — entregando valor em minutos, não semanas.","[0-10s] Sabia que milhões de empreendedores, startups e empresas inovadoras perdem dinheiro todos os dias por causa de um sistema travado no século passado?

[10-22s] O problema é real: Ferramentas técnicas existem, mas nem sempre são incorporadas aos critérios de. Eles tentam resolver com planilhas, intermediários e processos manuais. Não funciona.

[22-35s] Criamos ZonaClima IA — Startup que resolve descompasso entre zoneamento risco para empreendedores, startups e empresas inovadoras com IA e análise de dados. Transforma um processo caro e travado em solução digital, acessível e escalável. Nossa tecnologia: Embora zoneamentos climáticos e modelos preditivos estejam disponíveis, parte das.

[35-47s] Já validamos com usuários reais. Os primeiros testes mostram redução de custo e tempo em mais de 60%. O mercado existe, a dor é urgente, a tração começa agora.

[47-60s] O Red Bull Basement é o trampolim que faltava. Com esse apoio, escalamos o MVP, chegamos a mil usuários em 90 dias e mostramos ao mundo que inovação real resolve dores reais."
"32","Síndrome de Burnout na Geração Sanduíche","Startup que resolve síndrome burnout geração sanduíche para empresas de médio porte e corporações com plataforma B2B SaaS. Transforma um processo caro e travado em solução digital, acessível e escalável.","Nossos clientes são empresas de médio porte e corporações que enfrentam diariamente: Adultos de meia-idade esgotam-se fisicamente e financeiramente tentando cuidar dos filhos e dos pais envelhecidos simultaneamente. Eles estão presos em processos manuais, caros ou injustos sem alternativa tecnológica acessível. Nossa solução foi desenhada especificamente para resolver essa dor com velocidade.","1) Adultos de meia-idade esgotam-se fisicamente e financeiramente tentando cuidar dos filhos e dos pais envelhecidos. 2) A pressão leva à evasão feminina do mercado de trabalho de ponta, destruindo o ganho de paridade de gênero de décadas. 3) Sem solução tecnológica adequada hoje, o custo humano e financeiro cresce exponencialmente — e o mercado ainda opera no modo analógico.","O usuário acessa via app ou API. Nossa solução usa IA generativa para A pressão leva à evasão feminina do mercado de trabalho de ponta, destruindo o ganho de paridade de gênero de décadas. Oportunidade: benefícios. O resultado: processo automatizado, auditável e escalonável — entregando valor em minutos, não semanas.","SandwichCare IA","Startup que resolve síndrome burnout geração sanduíche para empresas de médio porte e corporações com plataforma B2B SaaS","Nossos clientes são empresas de médio porte e corporações que enfrentam diariamente: Adultos de meia-idade esgotam-se fisicamente e financeiramente tentando cuidar dos filhos e dos pais envelhecidos simultaneamente. Eles estão presos em processos manuais, caros ou injustos sem alternativa tecnológica acessível. Nossa solução foi desenhada especificamente para resolver essa dor com velocidade.","Problema real e urgente: Adultos de meia-idade esgotam-se fisicamente e financeiramente tentando cuidar dos filhos e dos pais envelhecidos simultaneamente. Isso custa bilhões ao ano e afeta milhões de pessoas sem solução tecnológica hoje. O tempo de agir é agora.","O usuário acessa via app ou API. Nossa solução usa IA generativa para A pressão leva à evasão feminina do mercado de trabalho de ponta, destruindo o ganho de paridade de gênero de décadas. Oportunidade: benefícios. O resultado: processo automatizado, auditável e escalonável — entregando valor em minutos, não semanas.","[0-10s] Sabia que milhões de empresas de médio porte e corporações perdem dinheiro todos os dias por causa de um sistema travado no século passado?

[10-22s] O problema é real: Adultos de meia-idade esgotam-se fisicamente e financeiramente tentando cuidar dos filhos. Eles tentam resolver com planilhas, intermediários e processos manuais. Não funciona.

[22-35s] Criamos SandwichCare IA — Startup que resolve síndrome burnout geração sanduíche para empresas de médio porte e corporações com plataforma B2B SaaS. Transforma um processo caro e travado em solução digital, acessível e escalável. Nossa tecnologia: A pressão leva à evasão feminina do mercado de trabalho de ponta, destruindo o ganho de.

[35-47s] Já validamos com usuários reais. Os primeiros testes mostram redução de custo e tempo em mais de 60%. O mercado existe, a dor é urgente, a tração começa agora.

[47-60s] O Red Bull Basement é o trampolim que faltava. Com esse apoio, escalamos o MVP, chegamos a mil usuários em 90 dias e mostramos ao mundo que inovação real resolve dores reais."
"33","Estresse hídrico crônico em megacidades","Startup que resolve estresse hídrico crônico megacidades para empreendedores, startups e empresas inovadoras com IA e análise de dados. Transforma um processo caro e travado em solução digital, acessível e escalável.","Nossos clientes são empreendedores, startups e empresas inovadoras que enfrentam diariamente: Grandes centros urbanos em regiões áridas ou semiáridas enfrentam risco recorrente de racionamento de água potável. Eles estão presos em processos manuais, caros ou injustos sem alternativa tecnológica acessível. Nossa solução foi desenhada especificamente para resolver essa dor com velocidade, segurança.","1) Grandes centros urbanos em regiões áridas ou semiáridas enfrentam risco recorrente de racionamento de água potável. 2) Décadas de urbanização acelerada sem expansão proporcional de reservatórios, perdas elevadas na distribuição e aumento. 3) Sem solução tecnológica adequada hoje, o custo humano e financeiro cresce exponencialmente — e o mercado ainda opera no modo analógico.","O usuário acessa via app ou API. Nossa solução usa IA e análise de dados para Décadas de urbanização acelerada sem expansão proporcional de reservatórios, perdas elevadas na distribuição e aumento de ondas de calor ligadas ao. O resultado: processo automatizado, auditável e escalonável — entregando valor em minutos, não semanas.","AquaCity IA","Startup que resolve estresse hídrico crônico megacidades para empreendedores, startups e empresas inovadoras com IA e análise de dados","Nossos clientes são empreendedores, startups e empresas inovadoras que enfrentam diariamente: Grandes centros urbanos em regiões áridas ou semiáridas enfrentam risco recorrente de racionamento de água potável. Eles estão presos em processos manuais, caros ou injustos sem alternativa tecnológica acessível. Nossa solução foi desenhada especificamente para resolver essa dor com velocidade, segurança.","Problema real e urgente: Grandes centros urbanos em regiões áridas ou semiáridas enfrentam risco recorrente de racionamento de água potável. Isso custa bilhões ao ano e afeta milhões de pessoas sem solução tecnológica hoje. O tempo de agir é agora.","O usuário acessa via app ou API. Nossa solução usa IA e análise de dados para Décadas de urbanização acelerada sem expansão proporcional de reservatórios, perdas elevadas na distribuição e aumento de ondas de calor ligadas ao. O resultado: processo automatizado, auditável e escalonável — entregando valor em minutos, não semanas.","[0-10s] Sabia que milhões de empreendedores, startups e empresas inovadoras perdem dinheiro todos os dias por causa de um sistema travado no século passado?

[10-22s] O problema é real: Grandes centros urbanos em regiões áridas ou semiáridas enfrentam risco recorrente de. Eles tentam resolver com planilhas, intermediários e processos manuais. Não funciona.

[22-35s] Criamos AquaCity IA — Startup que resolve estresse hídrico crônico megacidades para empreendedores, startups e empresas inovadoras com IA e análise de dados. Transforma um processo caro e travado em solução digital, acessível e escalável. Nossa tecnologia: Décadas de urbanização acelerada sem expansão proporcional de reservatórios, perdas.

[35-47s] Já validamos com usuários reais. Os primeiros testes mostram redução de custo e tempo em mais de 60%. O mercado existe, a dor é urgente, a tração começa agora.

[47-60s] O Red Bull Basement é o trampolim que faltava. Com esse apoio, escalamos o MVP, chegamos a mil usuários em 90 dias e mostramos ao mundo que inovação real resolve dores reais."
"34","Viés Etarista Massivo nas IAs de Recrutamento Corporativo","Startup que resolve viés etarista massivo ias para idosos acima de 60 anos com plataforma B2B SaaS. Transforma um processo caro e travado em solução digital, acessível e escalável.","Nossos clientes são idosos acima de 60 anos que enfrentam diariamente: Softwares de ATS (Applicant Tracking Systems) filtram silenciosamente currículos de profissionais acima de 50 anos ao detectar anos de graduação antigos ou excesso de experiência. Eles estão presos em processos manuais, caros ou injustos sem alternativa tecnológica acessível. Nossa solução foi desenhada especificamente para.","1) Softwares de ATS (Applicant Tracking Systems) filtram silenciosamente currículos de profissionais acima de 50 anos ao. 2) O idoso ativo torna-se digitalmente invisível na busca de emprego. Oportunidade: plataformas de recrutamento cego com. 3) Sem solução tecnológica adequada hoje, o custo humano e financeiro cresce exponencialmente — e o mercado ainda opera no modo analógico.","O usuário acessa via app ou API. Nossa solução usa IA generativa para O idoso ativo torna-se digitalmente invisível na busca de emprego. Oportunidade: plataformas de recrutamento cego com certificação antidiscriminação. O resultado: processo automatizado, auditável e escalonável — entregando valor em minutos, não semanas.","FairHire IA","Startup que resolve viés etarista massivo ias para idosos acima de 60 anos com plataforma B2B SaaS","Nossos clientes são idosos acima de 60 anos que enfrentam diariamente: Softwares de ATS (Applicant Tracking Systems) filtram silenciosamente currículos de profissionais acima de 50 anos ao detectar anos de graduação antigos ou excesso de experiência. Eles estão presos em processos manuais, caros ou injustos sem alternativa tecnológica acessível. Nossa solução foi desenhada especificamente para.","Problema real e urgente: Softwares de ATS (Applicant Tracking Systems) filtram silenciosamente currículos de profissionais acima de 50 anos ao detectar anos de graduação. Isso custa bilhões ao ano e afeta milhões de pessoas sem solução tecnológica hoje. O tempo de agir é agora.","O usuário acessa via app ou API. Nossa solução usa IA generativa para O idoso ativo torna-se digitalmente invisível na busca de emprego. Oportunidade: plataformas de recrutamento cego com certificação antidiscriminação. O resultado: processo automatizado, auditável e escalonável — entregando valor em minutos, não semanas.","[0-10s] Sabia que milhões de idosos acima de 60 anos perdem dinheiro todos os dias por causa de um sistema travado no século passado?

[10-22s] O problema é real: Softwares de ATS (Applicant Tracking Systems) filtram silenciosamente currículos de. Eles tentam resolver com planilhas, intermediários e processos manuais. Não funciona.

[22-35s] Criamos FairHire IA — Startup que resolve viés etarista massivo ias para idosos acima de 60 anos com plataforma B2B SaaS. Transforma um processo caro e travado em solução digital, acessível e escalável. Nossa tecnologia: O idoso ativo torna-se digitalmente invisível na busca de emprego. Oportunidade.

[35-47s] Já validamos com usuários reais. Os primeiros testes mostram redução de custo e tempo em mais de 60%. O mercado existe, a dor é urgente, a tração começa agora.

[47-60s] O Red Bull Basement é o trampolim que faltava. Com esse apoio, escalamos o MVP, chegamos a mil usuários em 90 dias e mostramos ao mundo que inovação real resolve dores reais."
"35","Conflito Sistêmico #29: A Interseção IA Agêntica x Clima e Transição Energética","Startup que resolve conflito sistêmico #29: interseção para empresas de médio porte e corporações com agentes de IA autônomos. Transforma um processo caro e travado em solução digital, acessível e escalável.","Nossos clientes são empresas de médio porte e corporações que enfrentam diariamente: Quando os paradigmas de IA Agêntica colidem violentamente com as fricções do mercado de Clima e Transição Energética nas economias em desenvolvimento, o modelo importado falha. Os. Eles estão presos em processos manuais, caros ou injustos sem alternativa tecnológica acessível. Nossa solução foi desenhada.","1) Quando os paradigmas de IA Agêntica colidem violentamente com as fricções do mercado de Clima e Transição Energética. 2) Sem adaptação nativa para as regras locais, empresas sangram dinheiro na tentativa e erro. A inovação exige a. 3) Sem solução tecnológica adequada hoje, o custo humano e financeiro cresce exponencialmente — e o mercado ainda opera no modo analógico.","O usuário acessa via app ou API. Nossa solução usa IA generativa para Sem adaptação nativa para as regras locais, empresas sangram dinheiro na tentativa e erro. A inovação exige a construção de 'Middlewares Sociais' —. O resultado: processo automatizado, auditável e escalonável — entregando valor em minutos, não semanas.","ClimaTech Nexus 29","Startup que resolve conflito sistêmico #29: interseção para empresas de médio porte e corporações com agentes de IA autônomos","Nossos clientes são empresas de médio porte e corporações que enfrentam diariamente: Quando os paradigmas de IA Agêntica colidem violentamente com as fricções do mercado de Clima e Transição Energética nas economias em desenvolvimento, o modelo importado falha. Os. Eles estão presos em processos manuais, caros ou injustos sem alternativa tecnológica acessível. Nossa solução foi desenhada.","Problema real e urgente: Quando os paradigmas de IA Agêntica colidem violentamente com as fricções do mercado de Clima e Transição Energética nas economias em. Isso custa bilhões ao ano e afeta milhões de pessoas sem solução tecnológica hoje. O tempo de agir é agora.","O usuário acessa via app ou API. Nossa solução usa IA generativa para Sem adaptação nativa para as regras locais, empresas sangram dinheiro na tentativa e erro. A inovação exige a construção de 'Middlewares Sociais' —. O resultado: processo automatizado, auditável e escalonável — entregando valor em minutos, não semanas.","[0-10s] Sabia que milhões de empresas de médio porte e corporações perdem dinheiro todos os dias por causa de um sistema travado no século passado?

[10-22s] O problema é real: Quando os paradigmas de IA Agêntica colidem violentamente com as fricções do mercado de. Eles tentam resolver com planilhas, intermediários e processos manuais. Não funciona.

[22-35s] Criamos ClimaTech Nexus 29 — Startup que resolve conflito sistêmico #29: interseção para empresas de médio porte e corporações com agentes de IA autônomos. Transforma um processo caro e travado em solução digital, acessível e escalável. Nossa tecnologia: Sem adaptação nativa para as regras locais, empresas sangram dinheiro na tentativa e.

[35-47s] Já validamos com usuários reais. Os primeiros testes mostram redução de custo e tempo em mais de 60%. O mercado existe, a dor é urgente, a tração começa agora.

[47-60s] O Red Bull Basement é o trampolim que faltava. Com esse apoio, escalamos o MVP, chegamos a mil usuários em 90 dias e mostramos ao mundo que inovação real resolve dores reais."
"36","Conflito Sistêmico #36: A Interseção IA Agêntica x Clima e Transição Energética","Startup que resolve conflito sistêmico #36: interseção para empresas de médio porte e corporações com agentes de IA autônomos. Transforma um processo caro e travado em solução digital, acessível e escalável.","Nossos clientes são empresas de médio porte e corporações que enfrentam diariamente: Quando os paradigmas de IA Agêntica colidem violentamente com as fricções do mercado de Clima e Transição Energética nas economias em desenvolvimento, o modelo importado falha. Os. Eles estão presos em processos manuais, caros ou injustos sem alternativa tecnológica acessível. Nossa solução foi desenhada.","1) Quando os paradigmas de IA Agêntica colidem violentamente com as fricções do mercado de Clima e Transição Energética. 2) Sem adaptação nativa para as regras locais, empresas sangram dinheiro na tentativa e erro. A inovação exige a. 3) Sem solução tecnológica adequada hoje, o custo humano e financeiro cresce exponencialmente — e o mercado ainda opera no modo analógico.","O usuário acessa via app ou API. Nossa solução usa IA generativa para Sem adaptação nativa para as regras locais, empresas sangram dinheiro na tentativa e erro. A inovação exige a construção de 'Middlewares Sociais' —. O resultado: processo automatizado, auditável e escalonável — entregando valor em minutos, não semanas.","ClimaTech Nexus 36","Startup que resolve conflito sistêmico #36: interseção para empresas de médio porte e corporações com agentes de IA autônomos","Nossos clientes são empresas de médio porte e corporações que enfrentam diariamente: Quando os paradigmas de IA Agêntica colidem violentamente com as fricções do mercado de Clima e Transição Energética nas economias em desenvolvimento, o modelo importado falha. Os. Eles estão presos em processos manuais, caros ou injustos sem alternativa tecnológica acessível. Nossa solução foi desenhada.","Problema real e urgente: Quando os paradigmas de IA Agêntica colidem violentamente com as fricções do mercado de Clima e Transição Energética nas economias em. Isso custa bilhões ao ano e afeta milhões de pessoas sem solução tecnológica hoje. O tempo de agir é agora.","O usuário acessa via app ou API. Nossa solução usa IA generativa para Sem adaptação nativa para as regras locais, empresas sangram dinheiro na tentativa e erro. A inovação exige a construção de 'Middlewares Sociais' —. O resultado: processo automatizado, auditável e escalonável — entregando valor em minutos, não semanas.","[0-10s] Sabia que milhões de empresas de médio porte e corporações perdem dinheiro todos os dias por causa de um sistema travado no século passado?

[10-22s] O problema é real: Quando os paradigmas de IA Agêntica colidem violentamente com as fricções do mercado de. Eles tentam resolver com planilhas, intermediários e processos manuais. Não funciona.

[22-35s] Criamos ClimaTech Nexus 36 — Startup que resolve conflito sistêmico #36: interseção para empresas de médio porte e corporações com agentes de IA autônomos. Transforma um processo caro e travado em solução digital, acessível e escalável. Nossa tecnologia: Sem adaptação nativa para as regras locais, empresas sangram dinheiro na tentativa e.

[35-47s] Já validamos com usuários reais. Os primeiros testes mostram redução de custo e tempo em mais de 60%. O mercado existe, a dor é urgente, a tração começa agora.

[47-60s] O Red Bull Basement é o trampolim que faltava. Com esse apoio, escalamos o MVP, chegamos a mil usuários em 90 dias e mostramos ao mundo que inovação real resolve dores reais."
"37","Conflito Sistêmico #43: A Interseção IA Agêntica x Clima e Transição Energética","Startup que resolve conflito sistêmico #43: interseção para empresas de médio porte e corporações com agentes de IA autônomos. Transforma um processo caro e travado em solução digital, acessível e escalável.","Nossos clientes são empresas de médio porte e corporações que enfrentam diariamente: Quando os paradigmas de IA Agêntica colidem violentamente com as fricções do mercado de Clima e Transição Energética nas economias em desenvolvimento, o modelo importado falha. Os. Eles estão presos em processos manuais, caros ou injustos sem alternativa tecnológica acessível. Nossa solução foi desenhada.","1) Quando os paradigmas de IA Agêntica colidem violentamente com as fricções do mercado de Clima e Transição Energética. 2) Sem adaptação nativa para as regras locais, empresas sangram dinheiro na tentativa e erro. A inovação exige a. 3) Sem solução tecnológica adequada hoje, o custo humano e financeiro cresce exponencialmente — e o mercado ainda opera no modo analógico.","O usuário acessa via app ou API. Nossa solução usa IA generativa para Sem adaptação nativa para as regras locais, empresas sangram dinheiro na tentativa e erro. A inovação exige a construção de 'Middlewares Sociais' —. O resultado: processo automatizado, auditável e escalonável — entregando valor em minutos, não semanas.","ClimaTech Nexus 43","Startup que resolve conflito sistêmico #43: interseção para empresas de médio porte e corporações com agentes de IA autônomos","Nossos clientes são empresas de médio porte e corporações que enfrentam diariamente: Quando os paradigmas de IA Agêntica colidem violentamente com as fricções do mercado de Clima e Transição Energética nas economias em desenvolvimento, o modelo importado falha. Os. Eles estão presos em processos manuais, caros ou injustos sem alternativa tecnológica acessível. Nossa solução foi desenhada.","Problema real e urgente: Quando os paradigmas de IA Agêntica colidem violentamente com as fricções do mercado de Clima e Transição Energética nas economias em. Isso custa bilhões ao ano e afeta milhões de pessoas sem solução tecnológica hoje. O tempo de agir é agora.","O usuário acessa via app ou API. Nossa solução usa IA generativa para Sem adaptação nativa para as regras locais, empresas sangram dinheiro na tentativa e erro. A inovação exige a construção de 'Middlewares Sociais' —. O resultado: processo automatizado, auditável e escalonável — entregando valor em minutos, não semanas.","[0-10s] Sabia que milhões de empresas de médio porte e corporações perdem dinheiro todos os dias por causa de um sistema travado no século passado?

[10-22s] O problema é real: Quando os paradigmas de IA Agêntica colidem violentamente com as fricções do mercado de. Eles tentam resolver com planilhas, intermediários e processos manuais. Não funciona.

[22-35s] Criamos ClimaTech Nexus 43 — Startup que resolve conflito sistêmico #43: interseção para empresas de médio porte e corporações com agentes de IA autônomos. Transforma um processo caro e travado em solução digital, acessível e escalável. Nossa tecnologia: Sem adaptação nativa para as regras locais, empresas sangram dinheiro na tentativa e.

[35-47s] Já validamos com usuários reais. Os primeiros testes mostram redução de custo e tempo em mais de 60%. O mercado existe, a dor é urgente, a tração começa agora.

[47-60s] O Red Bull Basement é o trampolim que faltava. Com esse apoio, escalamos o MVP, chegamos a mil usuários em 90 dias e mostramos ao mundo que inovação real resolve dores reais."
"38","Conflito Sistêmico #50: A Interseção IA Agêntica x Clima e Transição Energética","Startup que resolve conflito sistêmico #50: interseção para empresas de médio porte e corporações com agentes de IA autônomos. Transforma um processo caro e travado em solução digital, acessível e escalável.","Nossos clientes são empresas de médio porte e corporações que enfrentam diariamente: Quando os paradigmas de IA Agêntica colidem violentamente com as fricções do mercado de Clima e Transição Energética nas economias em desenvolvimento, o modelo importado falha. Os. Eles estão presos em processos manuais, caros ou injustos sem alternativa tecnológica acessível. Nossa solução foi desenhada.","1) Quando os paradigmas de IA Agêntica colidem violentamente com as fricções do mercado de Clima e Transição Energética. 2) Sem adaptação nativa para as regras locais, empresas sangram dinheiro na tentativa e erro. A inovação exige a. 3) Sem solução tecnológica adequada hoje, o custo humano e financeiro cresce exponencialmente — e o mercado ainda opera no modo analógico.","O usuário acessa via app ou API. Nossa solução usa IA generativa para Sem adaptação nativa para as regras locais, empresas sangram dinheiro na tentativa e erro. A inovação exige a construção de 'Middlewares Sociais' —. O resultado: processo automatizado, auditável e escalonável — entregando valor em minutos, não semanas.","ClimaTech Nexus 50","Startup que resolve conflito sistêmico #50: interseção para empresas de médio porte e corporações com agentes de IA autônomos","Nossos clientes são empresas de médio porte e corporações que enfrentam diariamente: Quando os paradigmas de IA Agêntica colidem violentamente com as fricções do mercado de Clima e Transição Energética nas economias em desenvolvimento, o modelo importado falha. Os. Eles estão presos em processos manuais, caros ou injustos sem alternativa tecnológica acessível. Nossa solução foi desenhada.","Problema real e urgente: Quando os paradigmas de IA Agêntica colidem violentamente com as fricções do mercado de Clima e Transição Energética nas economias em. Isso custa bilhões ao ano e afeta milhões de pessoas sem solução tecnológica hoje. O tempo de agir é agora.","O usuário acessa via app ou API. Nossa solução usa IA generativa para Sem adaptação nativa para as regras locais, empresas sangram dinheiro na tentativa e erro. A inovação exige a construção de 'Middlewares Sociais' —. O resultado: processo automatizado, auditável e escalonável — entregando valor em minutos, não semanas.","[0-10s] Sabia que milhões de empresas de médio porte e corporações perdem dinheiro todos os dias por causa de um sistema travado no século passado?

[10-22s] O problema é real: Quando os paradigmas de IA Agêntica colidem violentamente com as fricções do mercado de. Eles tentam resolver com planilhas, intermediários e processos manuais. Não funciona.

[22-35s] Criamos ClimaTech Nexus 50 — Startup que resolve conflito sistêmico #50: interseção para empresas de médio porte e corporações com agentes de IA autônomos. Transforma um processo caro e travado em solução digital, acessível e escalável. Nossa tecnologia: Sem adaptação nativa para as regras locais, empresas sangram dinheiro na tentativa e.

[35-47s] Já validamos com usuários reais. Os primeiros testes mostram redução de custo e tempo em mais de 60%. O mercado existe, a dor é urgente, a tração começa agora.

[47-60s] O Red Bull Basement é o trampolim que faltava. Com esse apoio, escalamos o MVP, chegamos a mil usuários em 90 dias e mostramos ao mundo que inovação real resolve dores reais."
"39","Conflito Sistêmico #57: A Interseção IA Agêntica x Clima e Transição Energética","Startup que resolve conflito sistêmico #57: interseção para empresas de médio porte e corporações com agentes de IA autônomos. Transforma um processo caro e travado em solução digital, acessível e escalável.","Nossos clientes são empresas de médio porte e corporações que enfrentam diariamente: Quando os paradigmas de IA Agêntica colidem violentamente com as fricções do mercado de Clima e Transição Energética nas economias em desenvolvimento, o modelo importado falha. Os. Eles estão presos em processos manuais, caros ou injustos sem alternativa tecnológica acessível. Nossa solução foi desenhada.","1) Quando os paradigmas de IA Agêntica colidem violentamente com as fricções do mercado de Clima e Transição Energética. 2) Sem adaptação nativa para as regras locais, empresas sangram dinheiro na tentativa e erro. A inovação exige a. 3) Sem solução tecnológica adequada hoje, o custo humano e financeiro cresce exponencialmente — e o mercado ainda opera no modo analógico.","O usuário acessa via app ou API. Nossa solução usa IA generativa para Sem adaptação nativa para as regras locais, empresas sangram dinheiro na tentativa e erro. A inovação exige a construção de 'Middlewares Sociais' —. O resultado: processo automatizado, auditável e escalonável — entregando valor em minutos, não semanas.","ClimaTech Nexus 57","Startup que resolve conflito sistêmico #57: interseção para empresas de médio porte e corporações com agentes de IA autônomos","Nossos clientes são empresas de médio porte e corporações que enfrentam diariamente: Quando os paradigmas de IA Agêntica colidem violentamente com as fricções do mercado de Clima e Transição Energética nas economias em desenvolvimento, o modelo importado falha. Os. Eles estão presos em processos manuais, caros ou injustos sem alternativa tecnológica acessível. Nossa solução foi desenhada.","Problema real e urgente: Quando os paradigmas de IA Agêntica colidem violentamente com as fricções do mercado de Clima e Transição Energética nas economias em. Isso custa bilhões ao ano e afeta milhões de pessoas sem solução tecnológica hoje. O tempo de agir é agora.","O usuário acessa via app ou API. Nossa solução usa IA generativa para Sem adaptação nativa para as regras locais, empresas sangram dinheiro na tentativa e erro. A inovação exige a construção de 'Middlewares Sociais' —. O resultado: processo automatizado, auditável e escalonável — entregando valor em minutos, não semanas.","[0-10s] Sabia que milhões de empresas de médio porte e corporações perdem dinheiro todos os dias por causa de um sistema travado no século passado?

[10-22s] O problema é real: Quando os paradigmas de IA Agêntica colidem violentamente com as fricções do mercado de. Eles tentam resolver com planilhas, intermediários e processos manuais. Não funciona.

[22-35s] Criamos ClimaTech Nexus 57 — Startup que resolve conflito sistêmico #57: interseção para empresas de médio porte e corporações com agentes de IA autônomos. Transforma um processo caro e travado em solução digital, acessível e escalável. Nossa tecnologia: Sem adaptação nativa para as regras locais, empresas sangram dinheiro na tentativa e.

[35-47s] Já validamos com usuários reais. Os primeiros testes mostram redução de custo e tempo em mais de 60%. O mercado existe, a dor é urgente, a tração começa agora.

[47-60s] O Red Bull Basement é o trampolim que faltava. Com esse apoio, escalamos o MVP, chegamos a mil usuários em 90 dias e mostramos ao mundo que inovação real resolve dores reais."
"40","Conflito Sistêmico #64: A Interseção IA Agêntica x Clima e Transição Energética","Startup que resolve conflito sistêmico #64: interseção para empresas de médio porte e corporações com agentes de IA autônomos. Transforma um processo caro e travado em solução digital, acessível e escalável.","Nossos clientes são empresas de médio porte e corporações que enfrentam diariamente: Quando os paradigmas de IA Agêntica colidem violentamente com as fricções do mercado de Clima e Transição Energética nas economias em desenvolvimento, o modelo importado falha. Os. Eles estão presos em processos manuais, caros ou injustos sem alternativa tecnológica acessível. Nossa solução foi desenhada.","1) Quando os paradigmas de IA Agêntica colidem violentamente com as fricções do mercado de Clima e Transição Energética. 2) Sem adaptação nativa para as regras locais, empresas sangram dinheiro na tentativa e erro. A inovação exige a. 3) Sem solução tecnológica adequada hoje, o custo humano e financeiro cresce exponencialmente — e o mercado ainda opera no modo analógico.","O usuário acessa via app ou API. Nossa solução usa IA generativa para Sem adaptação nativa para as regras locais, empresas sangram dinheiro na tentativa e erro. A inovação exige a construção de 'Middlewares Sociais' —. O resultado: processo automatizado, auditável e escalonável — entregando valor em minutos, não semanas.","ClimaTech Nexus 64","Startup que resolve conflito sistêmico #64: interseção para empresas de médio porte e corporações com agentes de IA autônomos","Nossos clientes são empresas de médio porte e corporações que enfrentam diariamente: Quando os paradigmas de IA Agêntica colidem violentamente com as fricções do mercado de Clima e Transição Energética nas economias em desenvolvimento, o modelo importado falha. Os. Eles estão presos em processos manuais, caros ou injustos sem alternativa tecnológica acessível. Nossa solução foi desenhada.","Problema real e urgente: Quando os paradigmas de IA Agêntica colidem violentamente com as fricções do mercado de Clima e Transição Energética nas economias em. Isso custa bilhões ao ano e afeta milhões de pessoas sem solução tecnológica hoje. O tempo de agir é agora.","O usuário acessa via app ou API. Nossa solução usa IA generativa para Sem adaptação nativa para as regras locais, empresas sangram dinheiro na tentativa e erro. A inovação exige a construção de 'Middlewares Sociais' —. O resultado: processo automatizado, auditável e escalonável — entregando valor em minutos, não semanas.","[0-10s] Sabia que milhões de empresas de médio porte e corporações perdem dinheiro todos os dias por causa de um sistema travado no século passado?

[10-22s] O problema é real: Quando os paradigmas de IA Agêntica colidem violentamente com as fricções do mercado de. Eles tentam resolver com planilhas, intermediários e processos manuais. Não funciona.

[22-35s] Criamos ClimaTech Nexus 64 — Startup que resolve conflito sistêmico #64: interseção para empresas de médio porte e corporações com agentes de IA autônomos. Transforma um processo caro e travado em solução digital, acessível e escalável. Nossa tecnologia: Sem adaptação nativa para as regras locais, empresas sangram dinheiro na tentativa e.

[35-47s] Já validamos com usuários reais. Os primeiros testes mostram redução de custo e tempo em mais de 60%. O mercado existe, a dor é urgente, a tração começa agora.

[47-60s] O Red Bull Basement é o trampolim que faltava. Com esse apoio, escalamos o MVP, chegamos a mil usuários em 90 dias e mostramos ao mundo que inovação real resolve dores reais."
"41","Conflito Sistêmico #71: A Interseção IA Agêntica x Clima e Transição Energética","Startup que resolve conflito sistêmico #71: interseção para empresas de médio porte e corporações com agentes de IA autônomos. Transforma um processo caro e travado em solução digital, acessível e escalável.","Nossos clientes são empresas de médio porte e corporações que enfrentam diariamente: Quando os paradigmas de IA Agêntica colidem violentamente com as fricções do mercado de Clima e Transição Energética nas economias em desenvolvimento, o modelo importado falha. Os. Eles estão presos em processos manuais, caros ou injustos sem alternativa tecnológica acessível. Nossa solução foi desenhada.","1) Quando os paradigmas de IA Agêntica colidem violentamente com as fricções do mercado de Clima e Transição Energética. 2) Sem adaptação nativa para as regras locais, empresas sangram dinheiro na tentativa e erro. A inovação exige a. 3) Sem solução tecnológica adequada hoje, o custo humano e financeiro cresce exponencialmente — e o mercado ainda opera no modo analógico.","O usuário acessa via app ou API. Nossa solução usa IA generativa para Sem adaptação nativa para as regras locais, empresas sangram dinheiro na tentativa e erro. A inovação exige a construção de 'Middlewares Sociais' —. O resultado: processo automatizado, auditável e escalonável — entregando valor em minutos, não semanas.","ClimaTech Nexus 71","Startup que resolve conflito sistêmico #71: interseção para empresas de médio porte e corporações com agentes de IA autônomos","Nossos clientes são empresas de médio porte e corporações que enfrentam diariamente: Quando os paradigmas de IA Agêntica colidem violentamente com as fricções do mercado de Clima e Transição Energética nas economias em desenvolvimento, o modelo importado falha. Os. Eles estão presos em processos manuais, caros ou injustos sem alternativa tecnológica acessível. Nossa solução foi desenhada.","Problema real e urgente: Quando os paradigmas de IA Agêntica colidem violentamente com as fricções do mercado de Clima e Transição Energética nas economias em. Isso custa bilhões ao ano e afeta milhões de pessoas sem solução tecnológica hoje. O tempo de agir é agora.","O usuário acessa via app ou API. Nossa solução usa IA generativa para Sem adaptação nativa para as regras locais, empresas sangram dinheiro na tentativa e erro. A inovação exige a construção de 'Middlewares Sociais' —. O resultado: processo automatizado, auditável e escalonável — entregando valor em minutos, não semanas.","[0-10s] Sabia que milhões de empresas de médio porte e corporações perdem dinheiro todos os dias por causa de um sistema travado no século passado?

[10-22s] O problema é real: Quando os paradigmas de IA Agêntica colidem violentamente com as fricções do mercado de. Eles tentam resolver com planilhas, intermediários e processos manuais. Não funciona.

[22-35s] Criamos ClimaTech Nexus 71 — Startup que resolve conflito sistêmico #71: interseção para empresas de médio porte e corporações com agentes de IA autônomos. Transforma um processo caro e travado em solução digital, acessível e escalável. Nossa tecnologia: Sem adaptação nativa para as regras locais, empresas sangram dinheiro na tentativa e.

[35-47s] Já validamos com usuários reais. Os primeiros testes mostram redução de custo e tempo em mais de 60%. O mercado existe, a dor é urgente, a tração começa agora.

[47-60s] O Red Bull Basement é o trampolim que faltava. Com esse apoio, escalamos o MVP, chegamos a mil usuários em 90 dias e mostramos ao mundo que inovação real resolve dores reais."
"42","Conflito Sistêmico #78: A Interseção IA Agêntica x Clima e Transição Energética","Startup que resolve conflito sistêmico #78: interseção para empresas de médio porte e corporações com agentes de IA autônomos. Transforma um processo caro e travado em solução digital, acessível e escalável.","Nossos clientes são empresas de médio porte e corporações que enfrentam diariamente: Quando os paradigmas de IA Agêntica colidem violentamente com as fricções do mercado de Clima e Transição Energética nas economias em desenvolvimento, o modelo importado falha. Os. Eles estão presos em processos manuais, caros ou injustos sem alternativa tecnológica acessível. Nossa solução foi desenhada.","1) Quando os paradigmas de IA Agêntica colidem violentamente com as fricções do mercado de Clima e Transição Energética. 2) Sem adaptação nativa para as regras locais, empresas sangram dinheiro na tentativa e erro. A inovação exige a. 3) Sem solução tecnológica adequada hoje, o custo humano e financeiro cresce exponencialmente — e o mercado ainda opera no modo analógico.","O usuário acessa via app ou API. Nossa solução usa IA generativa para Sem adaptação nativa para as regras locais, empresas sangram dinheiro na tentativa e erro. A inovação exige a construção de 'Middlewares Sociais' —. O resultado: processo automatizado, auditável e escalonável — entregando valor em minutos, não semanas.","ClimaTech Nexus 78","Startup que resolve conflito sistêmico #78: interseção para empresas de médio porte e corporações com agentes de IA autônomos","Nossos clientes são empresas de médio porte e corporações que enfrentam diariamente: Quando os paradigmas de IA Agêntica colidem violentamente com as fricções do mercado de Clima e Transição Energética nas economias em desenvolvimento, o modelo importado falha. Os. Eles estão presos em processos manuais, caros ou injustos sem alternativa tecnológica acessível. Nossa solução foi desenhada.","Problema real e urgente: Quando os paradigmas de IA Agêntica colidem violentamente com as fricções do mercado de Clima e Transição Energética nas economias em. Isso custa bilhões ao ano e afeta milhões de pessoas sem solução tecnológica hoje. O tempo de agir é agora.","O usuário acessa via app ou API. Nossa solução usa IA generativa para Sem adaptação nativa para as regras locais, empresas sangram dinheiro na tentativa e erro. A inovação exige a construção de 'Middlewares Sociais' —. O resultado: processo automatizado, auditável e escalonável — entregando valor em minutos, não semanas.","[0-10s] Sabia que milhões de empresas de médio porte e corporações perdem dinheiro todos os dias por causa de um sistema travado no século passado?

[10-22s] O problema é real: Quando os paradigmas de IA Agêntica colidem violentamente com as fricções do mercado de. Eles tentam resolver com planilhas, intermediários e processos manuais. Não funciona.

[22-35s] Criamos ClimaTech Nexus 78 — Startup que resolve conflito sistêmico #78: interseção para empresas de médio porte e corporações com agentes de IA autônomos. Transforma um processo caro e travado em solução digital, acessível e escalável. Nossa tecnologia: Sem adaptação nativa para as regras locais, empresas sangram dinheiro na tentativa e.

[35-47s] Já validamos com usuários reais. Os primeiros testes mostram redução de custo e tempo em mais de 60%. O mercado existe, a dor é urgente, a tração começa agora.

[47-60s] O Red Bull Basement é o trampolim que faltava. Com esse apoio, escalamos o MVP, chegamos a mil usuários em 90 dias e mostramos ao mundo que inovação real resolve dores reais."
"43","Conflito Sistêmico #85: A Interseção IA Agêntica x Clima e Transição Energética","Startup que resolve conflito sistêmico #85: interseção para empresas de médio porte e corporações com agentes de IA autônomos. Transforma um processo caro e travado em solução digital, acessível e escalável.","Nossos clientes são empresas de médio porte e corporações que enfrentam diariamente: Quando os paradigmas de IA Agêntica colidem violentamente com as fricções do mercado de Clima e Transição Energética nas economias em desenvolvimento, o modelo importado falha. Os. Eles estão presos em processos manuais, caros ou injustos sem alternativa tecnológica acessível. Nossa solução foi desenhada.","1) Quando os paradigmas de IA Agêntica colidem violentamente com as fricções do mercado de Clima e Transição Energética. 2) Sem adaptação nativa para as regras locais, empresas sangram dinheiro na tentativa e erro. A inovação exige a. 3) Sem solução tecnológica adequada hoje, o custo humano e financeiro cresce exponencialmente — e o mercado ainda opera no modo analógico.","O usuário acessa via app ou API. Nossa solução usa IA generativa para Sem adaptação nativa para as regras locais, empresas sangram dinheiro na tentativa e erro. A inovação exige a construção de 'Middlewares Sociais' —. O resultado: processo automatizado, auditável e escalonável — entregando valor em minutos, não semanas.","ClimaTech Nexus 85","Startup que resolve conflito sistêmico #85: interseção para empresas de médio porte e corporações com agentes de IA autônomos","Nossos clientes são empresas de médio porte e corporações que enfrentam diariamente: Quando os paradigmas de IA Agêntica colidem violentamente com as fricções do mercado de Clima e Transição Energética nas economias em desenvolvimento, o modelo importado falha. Os. Eles estão presos em processos manuais, caros ou injustos sem alternativa tecnológica acessível. Nossa solução foi desenhada.","Problema real e urgente: Quando os paradigmas de IA Agêntica colidem violentamente com as fricções do mercado de Clima e Transição Energética nas economias em. Isso custa bilhões ao ano e afeta milhões de pessoas sem solução tecnológica hoje. O tempo de agir é agora.","O usuário acessa via app ou API. Nossa solução usa IA generativa para Sem adaptação nativa para as regras locais, empresas sangram dinheiro na tentativa e erro. A inovação exige a construção de 'Middlewares Sociais' —. O resultado: processo automatizado, auditável e escalonável — entregando valor em minutos, não semanas.","[0-10s] Sabia que milhões de empresas de médio porte e corporações perdem dinheiro todos os dias por causa de um sistema travado no século passado?

[10-22s] O problema é real: Quando os paradigmas de IA Agêntica colidem violentamente com as fricções do mercado de. Eles tentam resolver com planilhas, intermediários e processos manuais. Não funciona.

[22-35s] Criamos ClimaTech Nexus 85 — Startup que resolve conflito sistêmico #85: interseção para empresas de médio porte e corporações com agentes de IA autônomos. Transforma um processo caro e travado em solução digital, acessível e escalável. Nossa tecnologia: Sem adaptação nativa para as regras locais, empresas sangram dinheiro na tentativa e.

[35-47s] Já validamos com usuários reais. Os primeiros testes mostram redução de custo e tempo em mais de 60%. O mercado existe, a dor é urgente, a tração começa agora.

[47-60s] O Red Bull Basement é o trampolim que faltava. Com esse apoio, escalamos o MVP, chegamos a mil usuários em 90 dias e mostramos ao mundo que inovação real resolve dores reais."
"44","Conflito Sistêmico #92: A Interseção IA Agêntica x Clima e Transição Energética","Startup que resolve conflito sistêmico #92: interseção para empresas de médio porte e corporações com agentes de IA autônomos. Transforma um processo caro e travado em solução digital, acessível e escalável.","Nossos clientes são empresas de médio porte e corporações que enfrentam diariamente: Quando os paradigmas de IA Agêntica colidem violentamente com as fricções do mercado de Clima e Transição Energética nas economias em desenvolvimento, o modelo importado falha. Os. Eles estão presos em processos manuais, caros ou injustos sem alternativa tecnológica acessível. Nossa solução foi desenhada.","1) Quando os paradigmas de IA Agêntica colidem violentamente com as fricções do mercado de Clima e Transição Energética. 2) Sem adaptação nativa para as regras locais, empresas sangram dinheiro na tentativa e erro. A inovação exige a. 3) Sem solução tecnológica adequada hoje, o custo humano e financeiro cresce exponencialmente — e o mercado ainda opera no modo analógico.","O usuário acessa via app ou API. Nossa solução usa IA generativa para Sem adaptação nativa para as regras locais, empresas sangram dinheiro na tentativa e erro. A inovação exige a construção de 'Middlewares Sociais' —. O resultado: processo automatizado, auditável e escalonável — entregando valor em minutos, não semanas.","ClimaTech Nexus 92","Startup que resolve conflito sistêmico #92: interseção para empresas de médio porte e corporações com agentes de IA autônomos","Nossos clientes são empresas de médio porte e corporações que enfrentam diariamente: Quando os paradigmas de IA Agêntica colidem violentamente com as fricções do mercado de Clima e Transição Energética nas economias em desenvolvimento, o modelo importado falha. Os. Eles estão presos em processos manuais, caros ou injustos sem alternativa tecnológica acessível. Nossa solução foi desenhada.","Problema real e urgente: Quando os paradigmas de IA Agêntica colidem violentamente com as fricções do mercado de Clima e Transição Energética nas economias em. Isso custa bilhões ao ano e afeta milhões de pessoas sem solução tecnológica hoje. O tempo de agir é agora.","O usuário acessa via app ou API. Nossa solução usa IA generativa para Sem adaptação nativa para as regras locais, empresas sangram dinheiro na tentativa e erro. A inovação exige a construção de 'Middlewares Sociais' —. O resultado: processo automatizado, auditável e escalonável — entregando valor em minutos, não semanas.","[0-10s] Sabia que milhões de empresas de médio porte e corporações perdem dinheiro todos os dias por causa de um sistema travado no século passado?

[10-22s] O problema é real: Quando os paradigmas de IA Agêntica colidem violentamente com as fricções do mercado de. Eles tentam resolver com planilhas, intermediários e processos manuais. Não funciona.

[22-35s] Criamos ClimaTech Nexus 92 — Startup que resolve conflito sistêmico #92: interseção para empresas de médio porte e corporações com agentes de IA autônomos. Transforma um processo caro e travado em solução digital, acessível e escalável. Nossa tecnologia: Sem adaptação nativa para as regras locais, empresas sangram dinheiro na tentativa e.

[35-47s] Já validamos com usuários reais. Os primeiros testes mostram redução de custo e tempo em mais de 60%. O mercado existe, a dor é urgente, a tração começa agora.

[47-60s] O Red Bull Basement é o trampolim que faltava. Com esse apoio, escalamos o MVP, chegamos a mil usuários em 90 dias e mostramos ao mundo que inovação real resolve dores reais."
"45","Conflito Sistêmico #99: A Interseção IA Agêntica x Clima e Transição Energética","Startup que resolve conflito sistêmico #99: interseção para empresas de médio porte e corporações com agentes de IA autônomos. Transforma um processo caro e travado em solução digital, acessível e escalável.","Nossos clientes são empresas de médio porte e corporações que enfrentam diariamente: Quando os paradigmas de IA Agêntica colidem violentamente com as fricções do mercado de Clima e Transição Energética nas economias em desenvolvimento, o modelo importado falha. Os. Eles estão presos em processos manuais, caros ou injustos sem alternativa tecnológica acessível. Nossa solução foi desenhada.","1) Quando os paradigmas de IA Agêntica colidem violentamente com as fricções do mercado de Clima e Transição Energética. 2) Sem adaptação nativa para as regras locais, empresas sangram dinheiro na tentativa e erro. A inovação exige a. 3) Sem solução tecnológica adequada hoje, o custo humano e financeiro cresce exponencialmente — e o mercado ainda opera no modo analógico.","O usuário acessa via app ou API. Nossa solução usa IA generativa para Sem adaptação nativa para as regras locais, empresas sangram dinheiro na tentativa e erro. A inovação exige a construção de 'Middlewares Sociais' —. O resultado: processo automatizado, auditável e escalonável — entregando valor em minutos, não semanas.","ClimaTech Nexus 99","Startup que resolve conflito sistêmico #99: interseção para empresas de médio porte e corporações com agentes de IA autônomos","Nossos clientes são empresas de médio porte e corporações que enfrentam diariamente: Quando os paradigmas de IA Agêntica colidem violentamente com as fricções do mercado de Clima e Transição Energética nas economias em desenvolvimento, o modelo importado falha. Os. Eles estão presos em processos manuais, caros ou injustos sem alternativa tecnológica acessível. Nossa solução foi desenhada.","Problema real e urgente: Quando os paradigmas de IA Agêntica colidem violentamente com as fricções do mercado de Clima e Transição Energética nas economias em. Isso custa bilhões ao ano e afeta milhões de pessoas sem solução tecnológica hoje. O tempo de agir é agora.","O usuário acessa via app ou API. Nossa solução usa IA generativa para Sem adaptação nativa para as regras locais, empresas sangram dinheiro na tentativa e erro. A inovação exige a construção de 'Middlewares Sociais' —. O resultado: processo automatizado, auditável e escalonável — entregando valor em minutos, não semanas.","[0-10s] Sabia que milhões de empresas de médio porte e corporações perdem dinheiro todos os dias por causa de um sistema travado no século passado?

[10-22s] O problema é real: Quando os paradigmas de IA Agêntica colidem violentamente com as fricções do mercado de. Eles tentam resolver com planilhas, intermediários e processos manuais. Não funciona.

[22-35s] Criamos ClimaTech Nexus 99 — Startup que resolve conflito sistêmico #99: interseção para empresas de médio porte e corporações com agentes de IA autônomos. Transforma um processo caro e travado em solução digital, acessível e escalável. Nossa tecnologia: Sem adaptação nativa para as regras locais, empresas sangram dinheiro na tentativa e.

[35-47s] Já validamos com usuários reais. Os primeiros testes mostram redução de custo e tempo em mais de 60%. O mercado existe, a dor é urgente, a tração começa agora.

[47-60s] O Red Bull Basement é o trampolim que faltava. Com esse apoio, escalamos o MVP, chegamos a mil usuários em 90 dias e mostramos ao mundo que inovação real resolve dores reais."
"46","Conflito Hierárquico: Gestão Boomer vs Geração Z","Startup que resolve conflito hierárquico: gestão boomer para jovens da geração Z e millennials com plataforma B2B SaaS. Transforma um processo caro e travado em solução digital, acessível e escalável.","Nossos clientes são jovens da geração Z e millennials que enfrentam diariamente: Modelos corporativos rígidos baseados em tempo de cadeira falham miseravelmente ao gerir jovens que valorizam impacto e saúde mental. Eles estão presos em processos manuais, caros ou injustos sem alternativa tecnológica acessível. Nossa solução foi desenhada especificamente para resolver essa dor com velocidade.","1) Modelos corporativos rígidos baseados em tempo de cadeira falham miseravelmente ao gerir jovens que valorizam impacto e. 2) A Geração Z prefere o desemprego ou a economia gig a tolerar líderes tóxicos, 6x1 ou micro-gerenciamento, causando taxa. 3) Sem solução tecnológica adequada hoje, o custo humano e financeiro cresce exponencialmente — e o mercado ainda opera no modo analógico.","O usuário acessa via app ou API. Nossa solução usa IA generativa para A Geração Z prefere o desemprego ou a economia gig a tolerar líderes tóxicos, 6x1 ou micro-gerenciamento, causando taxa de rotatividade destrutiva. O resultado: processo automatizado, auditável e escalonável — entregando valor em minutos, não semanas.","BridgeGen IA","Startup que resolve conflito hierárquico: gestão boomer para jovens da geração Z e millennials com plataforma B2B SaaS","Nossos clientes são jovens da geração Z e millennials que enfrentam diariamente: Modelos corporativos rígidos baseados em tempo de cadeira falham miseravelmente ao gerir jovens que valorizam impacto e saúde mental. Eles estão presos em processos manuais, caros ou injustos sem alternativa tecnológica acessível. Nossa solução foi desenhada especificamente para resolver essa dor com velocidade.","Problema real e urgente: Modelos corporativos rígidos baseados em tempo de cadeira falham miseravelmente ao gerir jovens que valorizam impacto e saúde mental. Isso custa bilhões ao ano e afeta milhões de pessoas sem solução tecnológica hoje. O tempo de agir é agora.","O usuário acessa via app ou API. Nossa solução usa IA generativa para A Geração Z prefere o desemprego ou a economia gig a tolerar líderes tóxicos, 6x1 ou micro-gerenciamento, causando taxa de rotatividade destrutiva. O resultado: processo automatizado, auditável e escalonável — entregando valor em minutos, não semanas.","[0-10s] Sabia que milhões de jovens da geração Z e millennials perdem dinheiro todos os dias por causa de um sistema travado no século passado?

[10-22s] O problema é real: Modelos corporativos rígidos baseados em tempo de cadeira falham miseravelmente ao gerir. Eles tentam resolver com planilhas, intermediários e processos manuais. Não funciona.

[22-35s] Criamos BridgeGen IA — Startup que resolve conflito hierárquico: gestão boomer para jovens da geração Z e millennials com plataforma B2B SaaS. Transforma um processo caro e travado em solução digital, acessível e escalável. Nossa tecnologia: A Geração Z prefere o desemprego ou a economia gig a tolerar líderes tóxicos, 6x1 ou.

[35-47s] Já validamos com usuários reais. Os primeiros testes mostram redução de custo e tempo em mais de 60%. O mercado existe, a dor é urgente, a tração começa agora.

[47-60s] O Red Bull Basement é o trampolim que faltava. Com esse apoio, escalamos o MVP, chegamos a mil usuários em 90 dias e mostramos ao mundo que inovação real resolve dores reais."
"47","Perdas agrícolas crescentes por extremos climáticos","Startup que resolve perdas agrícolas crescentes extremos para empreendedores, startups e empresas inovadoras com IA e análise de dados. Transforma um processo caro e travado em solução digital, acessível e escalável.","Nossos clientes são empreendedores, startups e empresas inovadoras que enfrentam diariamente: Safras inteiras são afetadas por secas, enchentes, geadas fora de época e ondas de calor, aumentando volatilidade de preços. Eles estão presos em processos manuais, caros ou injustos sem alternativa tecnológica acessível. Nossa solução foi desenhada especificamente para resolver essa dor com velocidade.","1) Safras inteiras são afetadas por secas, enchentes, geadas fora de época e ondas de calor, aumentando volatilidade de. 2) O aquecimento global alterou o regime de extremos, ampliando a probabilidade de eventos fora da curva em curtos. 3) Sem solução tecnológica adequada hoje, o custo humano e financeiro cresce exponencialmente — e o mercado ainda opera no modo analógico.","O usuário acessa via app ou API. Nossa solução usa IA e análise de dados para O aquecimento global alterou o regime de extremos, ampliando a probabilidade de eventos fora da curva em curtos intervalos; sem adaptação de. O resultado: processo automatizado, auditável e escalonável — entregando valor em minutos, não semanas.","AgriShield IA","Startup que resolve perdas agrícolas crescentes extremos para empreendedores, startups e empresas inovadoras com IA e análise de dados","Nossos clientes são empreendedores, startups e empresas inovadoras que enfrentam diariamente: Safras inteiras são afetadas por secas, enchentes, geadas fora de época e ondas de calor, aumentando volatilidade de preços. Eles estão presos em processos manuais, caros ou injustos sem alternativa tecnológica acessível. Nossa solução foi desenhada especificamente para resolver essa dor com velocidade.","Problema real e urgente: Safras inteiras são afetadas por secas, enchentes, geadas fora de época e ondas de calor, aumentando volatilidade de preços. Isso custa bilhões ao ano e afeta milhões de pessoas sem solução tecnológica hoje. O tempo de agir é agora.","O usuário acessa via app ou API. Nossa solução usa IA e análise de dados para O aquecimento global alterou o regime de extremos, ampliando a probabilidade de eventos fora da curva em curtos intervalos; sem adaptação de. O resultado: processo automatizado, auditável e escalonável — entregando valor em minutos, não semanas.","[0-10s] Sabia que milhões de empreendedores, startups e empresas inovadoras perdem dinheiro todos os dias por causa de um sistema travado no século passado?

[10-22s] O problema é real: Safras inteiras são afetadas por secas, enchentes, geadas fora de época e ondas de calor. Eles tentam resolver com planilhas, intermediários e processos manuais. Não funciona.

[22-35s] Criamos AgriShield IA — Startup que resolve perdas agrícolas crescentes extremos para empreendedores, startups e empresas inovadoras com IA e análise de dados. Transforma um processo caro e travado em solução digital, acessível e escalável. Nossa tecnologia: O aquecimento global alterou o regime de extremos, ampliando a probabilidade de eventos.

[35-47s] Já validamos com usuários reais. Os primeiros testes mostram redução de custo e tempo em mais de 60%. O mercado existe, a dor é urgente, a tração começa agora.

[47-60s] O Red Bull Basement é o trampolim que faltava. Com esse apoio, escalamos o MVP, chegamos a mil usuários em 90 dias e mostramos ao mundo que inovação real resolve dores reais."
"48","O Oligopólio dos Modelos Opacos nas Licenças B2B de Software (Wrapper Obsolescence)","Startup que resolve oligopólio modelos opacos licenças para startups e empreendedores early-stage com agentes de IA autônomos. Transforma um processo caro e travado em solução digital, acessível e escalável.","Nossos clientes são startups e empreendedores early-stage que enfrentam diariamente: Startups e empresas fecham licenças cegamente de pacotes de Software-as-a-Service que encarecem silenciosamente o uso das IAs embutidas em suas matrizes, levando o custo de. Eles estão presos em processos manuais, caros ou injustos sem alternativa tecnológica acessível. Nossa solução foi desenhada especificamente.","1) Startups e empresas fecham licenças cegamente de pacotes de Software-as-a-Service que encarecem silenciosamente o uso. 2) As empresas gastam fortunas pelo ""Hype"" em softwares corporativos sem qualquer retorno comprovado. Oportunidade. 3) Sem solução tecnológica adequada hoje, o custo humano e financeiro cresce exponencialmente — e o mercado ainda opera no modo analógico.","O usuário acessa via app ou API. Nossa solução usa IA e análise de dados para As empresas gastam fortunas pelo ""Hype"" em softwares corporativos sem qualquer retorno comprovado. Oportunidade: agentes Pessoais B2B que atuam. O resultado: processo automatizado, auditável e escalonável — entregando valor em minutos, não semanas.","FairSaaS IA","Startup que resolve oligopólio modelos opacos licenças para startups e empreendedores early-stage com agentes de IA autônomos","Nossos clientes são startups e empreendedores early-stage que enfrentam diariamente: Startups e empresas fecham licenças cegamente de pacotes de Software-as-a-Service que encarecem silenciosamente o uso das IAs embutidas em suas matrizes, levando o custo de. Eles estão presos em processos manuais, caros ou injustos sem alternativa tecnológica acessível. Nossa solução foi desenhada especificamente.","Problema real e urgente: Startups e empresas fecham licenças cegamente de pacotes de Software-as-a-Service que encarecem silenciosamente o uso das IAs embutidas em suas. Isso custa bilhões ao ano e afeta milhões de pessoas sem solução tecnológica hoje. O tempo de agir é agora.","O usuário acessa via app ou API. Nossa solução usa IA e análise de dados para As empresas gastam fortunas pelo ""Hype"" em softwares corporativos sem qualquer retorno comprovado. Oportunidade: agentes Pessoais B2B que atuam. O resultado: processo automatizado, auditável e escalonável — entregando valor em minutos, não semanas.","[0-10s] Sabia que milhões de startups e empreendedores early-stage perdem dinheiro todos os dias por causa de um sistema travado no século passado?

[10-22s] O problema é real: Startups e empresas fecham licenças cegamente de pacotes de Software-as-a-Service que. Eles tentam resolver com planilhas, intermediários e processos manuais. Não funciona.

[22-35s] Criamos FairSaaS IA — Startup que resolve oligopólio modelos opacos licenças para startups e empreendedores early-stage com agentes de IA autônomos. Transforma um processo caro e travado em solução digital, acessível e escalável. Nossa tecnologia: As empresas gastam fortunas pelo ""Hype"" em softwares corporativos sem qualquer retorno.

[35-47s] Já validamos com usuários reais. Os primeiros testes mostram redução de custo e tempo em mais de 60%. O mercado existe, a dor é urgente, a tração começa agora.

[47-60s] O Red Bull Basement é o trampolim que faltava. Com esse apoio, escalamos o MVP, chegamos a mil usuários em 90 dias e mostramos ao mundo que inovação real resolve dores reais."
"49","A Bolha Econômica da Inflação de Credenciais Educacionais","Startup que resolve bolha econômica inflação credenciais para jovens da geração Z e millennials com automação inteligente. Transforma um processo caro e travado em solução digital, acessível e escalável.","Nossos clientes são jovens da geração Z e millennials que enfrentam diariamente: Os empregos exigem mestrados caríssimos para posições iniciais, enquanto a Geração Z entra no mercado com dívidas impagáveis e percebe que o diploma não os blinda contra a IA. Eles estão presos em processos manuais, caros ou injustos sem alternativa tecnológica acessível. Nossa solução foi desenhada especificamente.","1) Os empregos exigem mestrados caríssimos para posições iniciais, enquanto a Geração Z entra no mercado com dívidas. 2) O pacto social da universidade caríssima faliu frente à automação cognitiva. Oportunidade: EdTechs de validação de. 3) Sem solução tecnológica adequada hoje, o custo humano e financeiro cresce exponencialmente — e o mercado ainda opera no modo analógico.","O usuário acessa via app ou API. Nossa solução usa IA generativa para O pacto social da universidade caríssima faliu frente à automação cognitiva. Oportunidade: EdTechs de validação de portfólio tangível no modelo de. O resultado: processo automatizado, auditável e escalonável — entregando valor em minutos, não semanas.","SkillMatch IA","Startup que resolve bolha econômica inflação credenciais para jovens da geração Z e millennials com automação inteligente","Nossos clientes são jovens da geração Z e millennials que enfrentam diariamente: Os empregos exigem mestrados caríssimos para posições iniciais, enquanto a Geração Z entra no mercado com dívidas impagáveis e percebe que o diploma não os blinda contra a IA. Eles estão presos em processos manuais, caros ou injustos sem alternativa tecnológica acessível. Nossa solução foi desenhada especificamente.","Problema real e urgente: Os empregos exigem mestrados caríssimos para posições iniciais, enquanto a Geração Z entra no mercado com dívidas impagáveis e percebe que o diploma. Isso custa bilhões ao ano e afeta milhões de pessoas sem solução tecnológica hoje. O tempo de agir é agora.","O usuário acessa via app ou API. Nossa solução usa IA generativa para O pacto social da universidade caríssima faliu frente à automação cognitiva. Oportunidade: EdTechs de validação de portfólio tangível no modelo de. O resultado: processo automatizado, auditável e escalonável — entregando valor em minutos, não semanas.","[0-10s] Sabia que milhões de jovens da geração Z e millennials perdem dinheiro todos os dias por causa de um sistema travado no século passado?

[10-22s] O problema é real: Os empregos exigem mestrados caríssimos para posições iniciais, enquanto a Geração Z. Eles tentam resolver com planilhas, intermediários e processos manuais. Não funciona.

[22-35s] Criamos SkillMatch IA — Startup que resolve bolha econômica inflação credenciais para jovens da geração Z e millennials com automação inteligente. Transforma um processo caro e travado em solução digital, acessível e escalável. Nossa tecnologia: O pacto social da universidade caríssima faliu frente à automação cognitiva.

[35-47s] Já validamos com usuários reais. Os primeiros testes mostram redução de custo e tempo em mais de 60%. O mercado existe, a dor é urgente, a tração começa agora.

[47-60s] O Red Bull Basement é o trampolim que faltava. Com esse apoio, escalamos o MVP, chegamos a mil usuários em 90 dias e mostramos ao mundo que inovação real resolve dores reais."
"50","Colapso do Valor de Revenda de Veículos Elétricos","Startup que resolve colapso valor revenda veículos para startups e empreendedores early-stage com plataforma blockchain. Transforma um processo caro e travado em solução digital, acessível e escalável.","Nossos clientes são startups e empreendedores early-stage que enfrentam diariamente: A degradação invisível das baterias (que custam 60% do valor do carro elétrico) aterra o mercado de carros seminovos, pois ninguém quer o risco de comprar um carro que pode. Eles estão presos em processos manuais, caros ou injustos sem alternativa tecnológica acessível. Nossa solução foi desenhada especificamente.","1) A degradação invisível das baterias (que custam 60% do valor do carro elétrico) aterra o mercado de carros seminovos. 2) Sem mercado de seminovos, a economia automobilística circular colapsa. Oportunidade: sistemas de auditoria digital da. 3) Sem solução tecnológica adequada hoje, o custo humano e financeiro cresce exponencialmente — e o mercado ainda opera no modo analógico.","O usuário acessa via app ou API. Nossa solução usa blockchain com smart contracts para Sem mercado de seminovos, a economia automobilística circular colapsa. Oportunidade: sistemas de auditoria digital da saúde da bateria de EVs com. O resultado: processo automatizado, auditável e escalonável — entregando valor em minutos, não semanas.","EVValue IA","Startup que resolve colapso valor revenda veículos para startups e empreendedores early-stage com plataforma blockchain","Nossos clientes são startups e empreendedores early-stage que enfrentam diariamente: A degradação invisível das baterias (que custam 60% do valor do carro elétrico) aterra o mercado de carros seminovos, pois ninguém quer o risco de comprar um carro que pode. Eles estão presos em processos manuais, caros ou injustos sem alternativa tecnológica acessível. Nossa solução foi desenhada especificamente.","Problema real e urgente: A degradação invisível das baterias (que custam 60% do valor do carro elétrico) aterra o mercado de carros seminovos, pois ninguém quer o risco de. Isso custa bilhões ao ano e afeta milhões de pessoas sem solução tecnológica hoje. O tempo de agir é agora.","O usuário acessa via app ou API. Nossa solução usa blockchain com smart contracts para Sem mercado de seminovos, a economia automobilística circular colapsa. Oportunidade: sistemas de auditoria digital da saúde da bateria de EVs com. O resultado: processo automatizado, auditável e escalonável — entregando valor em minutos, não semanas.","[0-10s] Sabia que milhões de startups e empreendedores early-stage perdem dinheiro todos os dias por causa de um sistema travado no século passado?

[10-22s] O problema é real: A degradação invisível das baterias (que custam 60% do valor do carro elétrico) aterra o. Eles tentam resolver com planilhas, intermediários e processos manuais. Não funciona.

[22-35s] Criamos EVValue IA — Startup que resolve colapso valor revenda veículos para startups e empreendedores early-stage com plataforma blockchain. Transforma um processo caro e travado em solução digital, acessível e escalável. Nossa tecnologia: Sem mercado de seminovos, a economia automobilística circular colapsa. Oportunidade.

[35-47s] Já validamos com usuários reais. Os primeiros testes mostram redução de custo e tempo em mais de 60%. O mercado existe, a dor é urgente, a tração começa agora.

[47-60s] O Red Bull Basement é o trampolim que faltava. Com esse apoio, escalamos o MVP, chegamos a mil usuários em 90 dias e mostramos ao mundo que inovação real resolve dores reais."
